pattern,expense_type,publisher,txns,gbp,n_suppliers,top_suppliers
ENFORCEMENT,Law Enforcement & Safety Equipment,Home Office,340,47620596.38,46,AIRWAVE SOLUTIONS LTD=8836348.34; TNT UK LTD=8714396.02; ASSOCIATED BRITISH PORTS=8441073.37; MINISTRY OF DEFENCE=3833375.98; SHRED STATION LTD=3392466.93
ENFORCEMENT,Law Enforcement & safety Equipment,Home Office,126,13749291.68,31,ASSOCIATED BRITISH PORTS=4226122.34; TNT UK LTD=2903024.22; MINISTRY OF DEFENCE=1278037.01; UNIVERSAL SECURITY SYSTEMS LTD=1099905.18; GATWICK AIRPORT LTD=1028973.6
ENFORCEMENT,"Law Enforcement & safety Equip.Haulage, Storage & Disp (HSD)",Home Office,74,11057809.23,5,ASSOCIATED BRITISH PORTS=6027340.49; TNT UK LTD=3864951.38; THAMESDOWN RECYCLING=827607.93; G4S CASH SERVICES (UK) LIMITED=269319.97; NOVUS ENVIRONMENTAL=68589.46
ENFORCEMENT,Law Enforcement & safety Equip.Surveillance & Det Equip- PROG,Home Office,111,7944992.04,5,HM REVENUE & CUSTOMS=3481340.0; AIRWAVE SOLUTIONS LTD=2563800.03; ARQIVA LTD=726008.22; FR AVIATION LTD=635953.48; GATWICK AIRPORT LTD=537890.31
ENFORCEMENT,Defense & Law Enforcement.Police Liaison Officers,Home Office,116,7111851.98,32,THE METROPOLITAN POLICE=2722769.23; WEST YORKSHIRE POLICE AUTHORITY=672765.12; SOUTH YORKSHIRE POLICE=444739.8; WEST MIDLANDS POLICE=376794.87; GREATER MANCHESTER POLICE=329091.31
ENFORCEMENT,OPS CFC DEBT ENFORCEMENT,Department for Work and Pensions,28,4104163.27,2,INDESSER=4104153.0; DA LANGUAGES LTD=10.27
ENFORCEMENT,Enforcement & Removals Vehicle & Conversion Costs,Home Office,51,3557397.14,2,DRIVE VAUXHALL=2430721.94; MERCEDES BENZ RETAIL CORPORATE SALES=1126675.2
ENFORCEMENT,Law Enforcement & safety Equip.Maint&Rep of Plant&Mach–PROG,Home Office,33,2308566.63,9,MORPHO UK LTD=801671.46; SERCO  LTD=552387.14; SECURITY SERVICES GROUP=401184.64; UNIVERSAL SECURITY SYSTEMS LTD=241726.78; QINETIQ LIMITED=148587.0
ENFORCEMENT,Law Enforcement & safety Equip.Security & Control Equip- PROG,Home Office,29,1902561.35,7,HM REVENUE & CUSTOMS=749999.88; CT CENTRE (MOD) T/A DSTL=705000.0; SAIC LIMITED=138926.85; AMERICAN SCIENCE & ENGINEERING INC=133276.74; HAMPSHIRE CONSTABULARY=85095.0
ENFORCEMENT,Defense & Law Enforcement,Home Office,31,1400110.17,17,S MACNEILLIE & SON LTD=357477.16; BRITISH TRANSPORT POLICE=156905.0; MAYORS OFFICE FOR POLICING AND CRIME (MOPC)=131140.12; WEST MIDLANDS OFFICE FOR POLICING & CRIME=117500.0; POLICE & CRIME COMMISSIONER FOR SOUTH YORKSHIRE=90125.47
ENFORCEMENT,"Law Enforcement & safety Equip.Haulage, Storage & Disp",Home Office,6,1111912.99,4,TNT UK LTD=764320.1; ASSOCIATED BRITISH PORTS=274234.39; THAMESDOWN RECYCLING=46459.44; G4S CASH SERVICES (UK) LIMITED=26899.06
ENFORCEMENT,Law Enforcement & safety Equip.Security & Control Equipment,Home Office,2,1085578.08,2,MINISTRY OF DEFENCE=1052927.28; STANSTED AIRPORT LTD=32650.8
ENFORCEMENT,Enforcement,"Department for Science, Innovation and Technology",2,996245.0,1,Department For Business And Trade (Dbt)=996245.0
ENFORCEMENT,Law Enforcement & safety Equip.Surveillance & Detection equipment,Home Office,4,813503.77,3,FR AVIATION LTD=391259.08; ARQIVA LTD=226688.69; HM REVENUE & CUSTOMS=195556.0
ENFORCEMENT,"Defence, Law Enforcement & Safety Equipment",Home Office,8,695411.66,5,ASSOCIATED BRITISH PORTS=285787.96; TNT UK LTD=264942.17; SHRED STATION LTD=69509.7; POLICE & CRIME COMMISSIONER FOR CLEVELAND=40000.0; G4S CASH SOLUTIONS (UK) LTD=35171.83
ENFORCEMENT,Law Enforcement & safety Equip,Home Office,11,671739.95,6,ASSOCIATED BRITISH PORTS=274234.39; SECURITY SERVICES GROUP=148238.74; SEPURA LTD=126672.0; UNIVERSAL SECURITY SYSTEMS LTD=62906.28; G4S CASH SERVICES (UK) LIMITED=32079.42
ENFORCEMENT,Law Enforcement & safety Equip.Surveillance & Detection equip,Home Office,2,668376.76,2,FR AVIATION LTD=391259.08; AIRWAVE SOLUTIONS LTD=277117.68
ENFORCEMENT,"Law Enforcement & safety Equip.Haulage, Storage & Disposal",Home Office,5,654509.67,4,TNT UK LTD=530916.14; THAMESDOWN RECYCLING=66849.5; NOVUS ENVIRONMENTAL=28653.55; G4S CASH SERVICES (UK) LIMITED=28090.48
ENFORCEMENT,Law Enforcement & safety Equip.Maint&Rep of Plant&Machinery,Home Office,12,652301.4,5,MORPHO UK LTD=235950.0; OCS GROUP UK LTD=170588.42; SECURITY SERVICES GROUP=122868.42; UNIVERSAL SECURITY SYSTEMS LTD=95285.44; AGILENT TECHNOLOGIES UK LTD=27609.12
ENFORCEMENT,Law Enforcement & safety Equip.Surveillance & Det Equipment,Home Office,3,586668.0,1,HM REVENUE & CUSTOMS=586668.0
ENFORCEMENT,CMG ENFORCEMENT,Department for Work and Pensions,505,387510.35,10,CLARITY TRAVEL LIMITED=208273.55; KINTO U K=67033.78; ROYAL BANK OF SCOTLAND=44610.71; PRECISELY SOFTWARE LTD=29988.0; HHG ASSOCIATES LTD=22205.12
ENFORCEMENT,Law enforcement trng,HM Revenue and Customs,9,369599.0,4,KENT POLICE=202041.0; THE SCOTTISH POLICE AUTHORITY=119800.0; CAPITA BUSINESS SERVICES LTD=25758.0; CHARTERED INSTITUTE OF INTERNAL=22000.0
ENFORCEMENT,Law Enforcement & safety Equip.Maint&Rep of Plant&MachûPROG,Home Office,5,308729.64,4,OCS GROUP UK LTD=153380.29; SAIC LIMITED=69099.4; L3 COMMUNICATIONS (UK) LTD=58350.95; MORPHO UK LTD=27899.0
ENFORCEMENT,"Law Enforcement & safety Equip.Surveillance & detection (FA).CCTV, heat and motion detectors, alarms (FA)",Home Office,7,193936.18,3,PORT OF FELIXSTOWE=87661.18; L3 COMMUNICATIONS (UK) LTD=66084.6; EQUANET=40190.4
ENFORCEMENT,Defence & Law Enforcement.Police Liaison Officers,Home Office,3,162758.76,3,SOUTH YORKSHIRE POLICE=80000.0; SUSSEX POLICE AUTHORITY=48274.42; BEDFORDSHIRE POLICE AUTHORITY=34484.34
ENFORCEMENT,Law Enforcement & safety Equip.Security & control equipment,Home Office,1,131322.7,1,CT CENTRE (MOD) T/A DSTL=131322.7
ENFORCEMENT,Law Enforcement & safety Equip.Surveillance & detection (FA),Home Office,3,115655.39,2,PORT OF FELIXSTOWE=76893.74; FUJITSU SERVICES LTD=38761.65
ENFORCEMENT,Storage (non Enforcement),HM Revenue and Customs,2,104095.61,2,Iron Mountain (UK) Ltd=76211.14; Serco Integrated Services=27884.47
ENFORCEMENT,Defence & Law Enforcement,Home Office,2,97500.0,2,OFFICE OF THE POLICE & CRIME COMMISSIONER FOR GREATER MANCHESTER=60000.0; OFFICE OF THE WEST YORKSHIRE POLICE & CRIME COMMISSIONER=37500.0
ENFORCEMENT,Sol's Enforcement,HM Revenue and Customs,2,95948.7,1,PINSENT MASONS SOLICITORS=95948.7
ENFORCEMENT,Law Enforcement & safety Equip.Law Enforcement Equip (FA),Home Office,1,82212.28,1,G4S CARE & JUSTICE SERVICES (UK) LTD=82212.28
ENFORCEMENT,Defense & Law Enforcement.Public Safety & Control,Home Office,1,82178.0,1,ACPO (ASSOCIATION OF CHIEF POLICE OFFICERS)=82178.0
ENFORCEMENT,Law Enforcement & safety Equip.Maint&Rep of Plant&Mach?PROG,Home Office,2,63888.7,2,UNIVERSAL SECURITY SYSTEMS LTD=35989.24; MORPHO UK LTD=27899.46
ENFORCEMENT,Law Enforcement & safety Equip.Surveillance & Detection-PROG,Home Office,1,51894.59,1,RAPISCAN SYSTEMS LTD=51894.59
ENFORCEMENT,Room hire for essential enforcement training,"Department for Environment, Food and Rural Affairs",6,42129.04,3,THE ROYAL YORK HOTEL=14696.31; SELSDON PARK HOTEL=14285.2; THE ST JOHN S HOTEL=13147.53
ENFORCEMENT,Room hire for essential enforcment training,"Department for Environment, Food and Rural Affairs",4,29681.75,1,SELSDON PARK HOTEL=29681.75
ENFORCEMENT,Law Enforcement & safety Equip.Security & Control Equip- ADMN,Home Office,1,28308.0,1,CESG=28308.0
ENFORCEMENT,Development Control & Enforcement,Eden District Council,4,20535.0,4,ANESCO LIMITED=15550.0; MR L SHARP (ABAgri LTD)=3465.0; redacted information=770.0; PROSPUS GROUP LTD=750.0
ENFORCEMENT,Law Enforcement & safety Equip.Surveillance & Detention-PROG,Home Office,4,11330.7,1,CARDIFF INTERNATIONAL AIRPORT=11330.7
ENFORCEMENT,Direct Action - Planning Enforcement,Eden District Council,2,10651.24,2,AMEY PLC=9981.24; IAN CANNON LTD=670.0
ENFORCEMENT,"Venue hire enforcements training course, operations deliveryivery","Department for Environment, Food and Rural Affairs",1,9000.0,1,ROYAL YORK HOTEL=9000.0
ENFORCEMENT,Part time bailiff wages for enforcement work.,"Department for Environment, Food and Rural Affairs",7,6214.04,1,DESURVEY PLC=6214.04
ENFORCEMENT,Venue hire for essential enforcement operations,"Department for Environment, Food and Rural Affairs",1,5785.85,1,ROYAL YORK HOTEL=5785.85
ENFORCEMENT,OPS CFC DEBT ENFORCEMENT TEAM,Department for Work and Pensions,68,5423.72,5,CLARITY TRAVEL LIMITED=2610.87; DA LANGUAGES LTD=1383.63; ROYAL BANK OF SCOTLAND=606.51; HHG ASSOCIATES LTD=502.0; H H ASSOCIATES LTD=320.71
ENFORCEMENT,Wages for part time enforcement officers.,"Department for Environment, Food and Rural Affairs",6,5338.04,1,DESURVEY PLC=5338.04
ENFORCEMENT,Accommodation for 29 staff for 2 nights for attendance at 3 days professional training - Northern Enforcement seminar,"Department for Environment, Food and Rural Affairs",5,4560.0,1,HOTEL 53                 YORK=4560.0
ENFORCEMENT,"Enforcement Course Plymouth 15 people x 4 nights 24 hour delegate rate including room hire, food, bed and breakfast","Department for Environment, Food and Rural Affairs",4,3787.75,1,JURYS INN                PLYMOUTH=3787.75
ENFORCEMENT,Temp agency staff to undertake enforcement administration work,"Department for Environment, Food and Rural Affairs",5,3784.8,1,PERTEMPS LTD=3784.8
ENFORCEMENT,Enforcement and Legal Case Management Project Communications Officer.,"Department for Environment, Food and Rural Affairs",3,3194.34,1,PERTEMPS LTD=3194.34
ENFORCEMENT,Covid Compliance and Enforcement Expenditure,Rushmoor Borough Council,5,3040.23,4,Signway Supplies=1925.38; Signs Express (Farnborough)=449.55; Serco Ltd=342.3; Parrs Workplace Equipment=323.0
ENFORCEMENT,Covid Compliance and Enforcement,Rushmoor Borough Council,3,1333.63,3,Reveal Media Ltd=564.0; Daisy Corporate Services Trading Ltd=428.0; Niton Equipment Ltd=341.63
ENFORCEMENT,"Enforcement Once Team Member, additional workload, W/E 03/08/12","Department for Environment, Food and Rural Affairs",2,1293.89,1,PERTEMPS LTD=1293.89
ENFORCEMENT,"Enforcement Once Team Member, additional workload, W/E 10/08/12","Department for Environment, Food and Rural Affairs",2,1261.47,1,PERTEMPS LTD=1261.47
ENFORCEMENT,"Enforcement Once Team Member, additional workload, W/E 27/07/12","Department for Environment, Food and Rural Affairs",2,1261.47,1,PERTEMPS LTD=1261.47
ENFORCEMENT,"Accommodation (B&B) for attendance on a 3 week Maritime Enforcement Course. MMO paid, this was paid back by Welsh Government","Department for Environment, Food and Rural Affairs",2,1178.89,1,PREMIER INN44521710      PLYMOUTH=1178.89
ENFORCEMENT,Project support officer in National Enforcement Service.,"Department for Environment, Food and Rural Affairs",1,748.75,1,PERTEMPS LTD=748.75
ENFORCEMENT,"Enforcement Once Team Member,  additional workload. w/e 29/06","Department for Environment, Food and Rural Affairs",1,743.1,1,PERTEMPS LTD=743.1
ENFORCEMENT,"1 Temporary Case Officer, Enforcement Once, w/e 01/06/2012","Department for Environment, Food and Rural Affairs",1,635.23,1,PERTEMPS LTD=635.23
ENFORCEMENT,"1 Temporary Case Officer, Enforcement Once, w/e 25/05/2012","Department for Environment, Food and Rural Affairs",1,635.23,1,PERTEMPS LTD=635.23
ENFORCEMENT,"1, Enforcement Once Team Member,  additional workload.w/e 06/07","Department for Environment, Food and Rural Affairs",1,635.23,1,PERTEMPS LTD=635.23
ENFORCEMENT,"1, Enforcement Once Team Member,  additional workload.w/e 13/07","Department for Environment, Food and Rural Affairs",1,635.23,1,PERTEMPS LTD=635.23
ENFORCEMENT,"1, Enforcement Once Team Member,  additional workload.w/e 22/06","Department for Environment, Food and Rural Affairs",1,635.23,1,PERTEMPS LTD=635.23
ENFORCEMENT,"1, Enforcement Once Team Member, additional workload.  w/e 25/05/12","Department for Environment, Food and Rural Affairs",1,635.23,1,PERTEMPS LTD=635.23
ENFORCEMENT,"1, Enforcement Once Team Member, additional workload. w/e 01/06/12","Department for Environment, Food and Rural Affairs",1,635.23,1,PERTEMPS LTD=635.23
ENFORCEMENT,"1, Enforcement Once Team Member, additional workload. w/e 25/05/12","Department for Environment, Food and Rural Affairs",1,635.23,1,PERTEMPS LTD=635.23
ENFORCEMENT,"1, Enforcement Once team member,  additional workload. w/e18/05/12","Department for Environment, Food and Rural Affairs",1,635.23,1,PERTEMPS LTD=635.23
ENFORCEMENT,"Enforcement Once, additional workload, W/E 03/08/12","Department for Environment, Food and Rural Affairs",1,635.23,1,PERTEMPS LTD=635.23
ENFORCEMENT,"Enforcement Once, additional workload, W/E 20/07/12","Department for Environment, Food and Rural Affairs",1,635.23,1,PERTEMPS LTD=635.23
ENFORCEMENT,"Enforcement Once, additional workload, W/E 27/07/12","Department for Environment, Food and Rural Affairs",1,635.23,1,PERTEMPS LTD=635.23
ENFORCEMENT,Emergency First Aid Course for 5 members of enforcement team,"Department for Environment, Food and Rural Affairs",1,630.0,1,British Red Cross Society=630.0
ENFORCEMENT,Area Environment Managers enforcement meeting 16 delegates and photocopying,"Department for Environment, Food and Rural Affairs",1,598.8,1,PRIORY ROOMS (BULL STR=598.8
ENFORCEMENT,Illegal Waste Site Task Force  Project Board and Lead Enforcement. 16 Delegates,"Department for Environment, Food and Rural Affairs",1,595.2,1,PRIORY ROOMS=595.2
ENFORCEMENT,Flight for 1 traveller to attend EU Enforcement Working Group in Brussels,"Department for Environment, Food and Rural Affairs",1,575.4,1,SNBA GBP E-C0820SB91RRK7 ZAVENTEM=575.4
ENFORCEMENT,"1, Enforcement Once Team Member, additional workload.  w/e 08/06/12","Department for Environment, Food and Rural Affairs",1,518.35,1,PERTEMPS LTD=518.35
ENFORCEMENT,"1 Temporary Case Officer, Enforcement Once, w/e 08/06/2012","Department for Environment, Food and Rural Affairs",1,509.35,1,PERTEMPS LTD=509.35
ENFORCEMENT,"1, Enforcement Once Team Member additional workload.  w/e 08/06/12","Department for Environment, Food and Rural Affairs",1,509.35,1,PERTEMPS LTD=509.35
ENFORCEMENT,National Enforcement Service Management Team meeting - No availability at Olton or Sapphire..,"Department for Environment, Food and Rural Affairs",1,507.0,1,THE ST JOHN S HOTEL F=507.0
ENFORCEMENT,Specialist enforcement Personal Protective Equipment for virtual team members,"Department for Environment, Food and Rural Affairs",1,504.46,1,PENRITH SURVIVAL=504.46
ENFORCEMENT,Enforcement Workshop: 12 enforcement staff,"Department for Environment, Food and Rural Affairs",1,504.0,1,DEAF BLIND UK TRADING=504.0
ENFORCEMENT,"1, Enforcement Once Team Member, additional workload.  w/e 01/06/12","Department for Environment, Food and Rural Affairs",1,500.38,1,PERTEMPS LTD=500.38
ENFORCEMENT,8 people bed and breakfast for 12 nights (total cost £876) for Fisheries Course for Non-Enforcement Officers and the Induction Course in Newcastle,"Department for Environment, Food and Rural Affairs",1,500.0,1,JURYS INN                NEWCASTLE=500.0
ENFORCEMENT,Accommodation (B&B) for attendance on a 3 week Maritime Enforcement Course. MMO employee Course deliverer,"Department for Environment, Food and Rural Affairs",1,500.0,1,THISTLE HOTEL            NEWCASTLE=500.0
ENFORCEMENT,"Accommodation (B&B) for attendance on a 3 week Maritime Enforcement Course. MMO employee, participant","Department for Environment, Food and Rural Affairs",1,500.0,1,THISTLE HOTEL            NEWCASTLE=500.0
BAILIFF,BAILIFF TRACE,Department for Work and Pensions,19,1550545.8,2,HM REVENUE & CUSTOMS=791366.0; HMRC=759179.8
BAILIFF,BAILIFF COMMISSION,Department for Work and Pensions,30,448487.4,7,DRYDENS LTD=259234.66; MARSTON GROUP LTD=106089.0; DRYDENS FAIRFAX SOLICITORS=52126.0; HARPER MACLEOD LLP=23959.0; AKINIKA=5498.0
BAILIFF,111620-Bailiff Fees (NOS),Ministry of Justice,4,328684.61,1,MARSTON GROUP=328684.61
BAILIFF,CMG OPS EXTERNAL CONTRACTS/SLAS BAILIFFS,Department for Work and Pensions,1,114000.0,1,QUALCO UK LTD=114000.0
BAILIFF,BAILIFF OTHER,Department for Work and Pensions,2,49395.0,1,MARSTON GROUP LTD=49395.0
BAILIFF,Part time bailiff wages for enforcement work.,"Department for Environment, Food and Rural Affairs",7,6214.04,1,DESURVEY PLC=6214.04
BAILIFF,Payment for part-time bailiff staff.,"Department for Environment, Food and Rural Affairs",5,4572.36,1,DESURVEY PLC=4572.36
BAILIFF,Bailiff Fees,Rushmoor Borough Council,3,1943.7,1,Ross & Roberts Limited=1943.7
BAILIFF,Bailiff Costs,Plymouth City Council,1,425.0,1,JBW Group=425.0
DEBT_RECOVERY,Aid Programme - Contributions to Debt Relief,Department for International Development,40,1036760603.25,15,INTERNATIONAL DEVELOPMENT ASSOCIATION 'B ACC'=773490000.0; AFRICAN DEVELOPMENT BANK=93000000.0; AFRICAN  DEVELOPMENT BANK GROUP=82107288.9; International Monetary Fund (GBP)=40000000.0; AFRICAN  DEVELOPMENT BANK GROUP (AFDF)=23134763.86
DEBT_RECOVERY,610400-Debtors <1 year - Prepayments & Accrued Income,Ministry of Justice,4057,337052045.48,198,CITY OF WESTMINSTER=38660889.6; CITY OF LONDON=13601512.09; COLLINGWOOD RIGBY=13036363.74; BERKLEY ESTATES LONDON LTD=12184908.98; HP ENTERPRISE SERVICES UK LTD=11671698.83
DEBT_RECOVERY,Debt coll serv (DEL),HM Revenue and Customs,677,330742892.02,15,INTEGRATED DEBT SERVICES LTD T/AS=158082646.38; TDX GROUP LTD=137757543.44; INTEGRATED DEBT SERVICES LTD=19440723.61; ADVANTIS CREDIT LTD=2279076.33; COMMERCIAL COLLECTION SERVICES=2063437.85
DEBT_RECOVERY,CA - OTHER RECEIVABLES - INTER DWP DEBTOR - TO FOREIGN BANK ACCOUNTS,Department for Work and Pensions,11,312030144.0,7,EUROPEAN COMMISSION=282545724.0; INTERNATIONAL LABOUR OFFICE=28996049.0; SANS INSTITUTE=316133.0; JAMES B JOYCE AND CO=69680.0; THE PUBLIC TRUSTEE OF QUEENSLAND=40000.0
DEBT_RECOVERY,Debt Relief,Department for International Development,8,154935176.39,7,ECGD ACCOUNT=81500718.14; INTERNATIONAL DEVELOPMENT ASSOCIATION 'B ACC'=47250000.0; Export Credits Guarantee Dept=13076175.7; AFRICAN  DEVELOPMENT BANK GROUP=10426349.92; IFAD (USD)=1706130.0
DEBT_RECOVERY,TRADE DEBTORS,Department for Work and Pensions,77,109416378.16,3,TELEREAL TRILLIUM=109415992.68; MATALAN=382.98; INCHCAPE FLEET SOLUTIONS LTD=2.5
DEBT_RECOVERY,CHG DIGITAL DEBT MANAGEMENT SERVICE,Department for Work and Pensions,493,34268557.46,15,SCRUMCONNECT LTD=9397861.0; ALEXANDER MANN SOLUTIONS LTD=8411708.0; TECKNUOVO LTD=5371576.0; C&R SOFTWARE=3474872.0; BETTER GROUP LTD T/A BETTERGOV=3105965.0
DEBT_RECOVERY,Debt collection serv,HM Revenue and Customs,308,32465220.51,24,iQor holdings Limited=4182931.97; DRYDENSFAIRFAX SOLICITORS=3898477.85; Commercial Collection Services=3172380.77; IQOR HOLDINGS LTD=2368955.45; COMMERCIAL COLLECTION SERVICES=2150759.57
DEBT_RECOVERY,610200-Debtors < 1 Year - VAT,Ministry of Justice,663,29747349.3,76,ATOS IT SERVICES UK LTD=9561604.54; HP ENTERPRISE SERVICES UK LTD=2619491.96; LOGICA UK LTD=2327077.66; STERIA LTD=2119556.05; MITIE SECURITY LTD=2089764.03
DEBT_RECOVERY,OPS CFC DEBT CONTRACTS,Department for Work and Pensions,192,25669833.14,9,G4S FACILITIES MANAGEMENT (UK) LTD=11976623.3; SERCO LTD=11818509.0; EQUANS SERVICES LTD=709577.0; ALLIED PUBLICITY SERVICES MANCHESTER LTD TA APS GROUP=708564.29; ROYAL MAIL GROUP PLC=245591.61
DEBT_RECOVERY,610300-Debtors < 1 Year - Deposits & Advances,Ministry of Justice,149,19098477.55,1,NEOPOST LTD=19098477.55
DEBT_RECOVERY,611000-Debtors <1 year - Other Debtors,Ministry of Justice,38,11420187.95,34,HOME OFFICE IT=7075000.0; DEPARTMENT FOR WORK & PENSIONS (DWP)=1073431.35; JONES LANG LASALLE LTD=487140.71; DELANCEY ARNOLD UK & DELANCEY ROLLS LTD=346266.11; ERNST & YOUNG LLP=328733.0
DEBT_RECOVERY,DIG DEBT MGT - MAINTENANCE DEL P,Department for Work and Pensions,251,11078787.78,7,CAPGEMINI UK PLC=6869149.66; ARUM SYSTEMS LTD=1736995.4; TECKNUOVO LTD=844398.0; BETTER GROUP LTD T/A BETTERGOV=695519.99; SCRUMCONNECT LTD=680728.5
DEBT_RECOVERY,MA ESF(D) OVERPAYMENT DEBTS TP,Department for Work and Pensions,1,9752337.0,1,NATIONAL OFFENDER MANAGEMENT SERVICE=9752337.0
DEBT_RECOVERY,FMCU POE Trust Account Debtor,Foreign and Commonwealth Office,4,7450000.0,1,ISS FACILITY SERVICES LTD FCO OP - POE=7450000.0
DEBT_RECOVERY,CHG FUTURE DEBT SOLUTION,Department for Work and Pensions,145,4748632.02,7,CAPGEMINI UK PLC=3811296.0; BETTER GROUP LTD T/A BETTERGOV=382450.0; TECKNUOVO LTD=285228.0; ALEXANDER MANN SOLUTIONS LTD-2WM=171376.38; BRAMBLE HUB LTD=90068.4
DEBT_RECOVERY,CMG OPS EXTERNAL CONTRACTS/SLA DEBT SERVICES,Department for Work and Pensions,56,4714394.77,4,EQUIFAX LTD=4404073.77; INDESSER=151096.0; HARPER MACLEOD LLP=92475.0; QUALCO UK LTD=66750.0
DEBT_RECOVERY,DTI Debtor - Balance Sheet,UK Trade and Investment,3,4340000.0,1,DEPARTMENT FOR BUSINESS INNOVATION & SKILLS=4340000.0
DEBT_RECOVERY,OPS CFC DEBT ENFORCEMENT,Department for Work and Pensions,28,4104163.27,2,INDESSER=4104153.0; DA LANGUAGES LTD=10.27
DEBT_RECOVERY,Debt collection service (DEL),HM Revenue and Customs,3,3989864.59,1,TDX GROUP LTD=3989864.59
DEBT_RECOVERY,EXP - PURCHASE OF GOODS/SERVICES - OTHER PROF SERVICES - DEBT COLLECTION,Department for Work and Pensions,78,3858392.89,2,INDESSER=3809032.89; PROFESSIONAL COST MANAGEMENT GROUP LTD=49360.0
DEBT_RECOVERY,Debtors - Sundry,Ministry of Defence,2,3582937.48,1,DE&S/DLO=3582937.48
DEBT_RECOVERY,DIG DEBT MGT - MAINTENANCE,Department for Work and Pensions,86,3543126.0,7,ARUM SYSTEMS LTD=1727035.0; CAPGEMINI UK PLC=1015230.0; SCRUMCONNECT LTD=374640.0; MASTEK UK LTD=290746.0; ALEXANDER MANN SOLUTIONS LTD-2WM=79477.0
DEBT_RECOVERY,DIG LEGACY TECH DEBT BSS DELP,Department for Work and Pensions,38,3510117.36,2,IBM UNITED KINGDOM LTD=2344365.54; CAPGEMINI UK PLC=1165751.82
DEBT_RECOVERY,DIG LEGACY TECH DEBT - BEREAVEMENT & CARE DELP,Department for Work and Pensions,18,3456031.27,2,CAPGEMINI UK PLC=1795329.6; SCOTT LOGIC LTD=1660701.67
DEBT_RECOVERY,Long Term Debtors - Capital loans,Bristol City Council,9,3435826.64,4,Goram homes Ltd=1700000.0; Goram Homes Ltd=1600000.0; Goram Homes=100000.0; City Funds LP=35826.64
DEBT_RECOVERY,DEBT MANAGEMENT OFFICE,HM Treasury,22,2381219.19,14,BULL INFORMATION SYSTEMS LTD=705905.74; JONES LANG LASALLE=373221.6; CORPORATION OF LONDON=259380.0; SS&C TECHNOLOGIES=162479.91; LONDON STOCK EXCHANGE=150000.0
DEBT_RECOVERY,DIG DATA WAREHOUSE RUN AND TECH DEBT,Department for Work and Pensions,21,1978619.28,4,BEDIGITAL=1050030.0; STADIA CONSULTING GROUP LTD=891360.0; AGILE SOLUTIONS GB LTD=25740.0; ALEXANDER MANN SOLUTIONS LTD-2WM=11489.28
DEBT_RECOVERY,Debt coll service (DEL),HM Revenue and Customs,4,1828156.75,1,TDX GROUP LTD=1828156.75
DEBT_RECOVERY,OPS CFC DEBT INVESTMENT,Department for Work and Pensions,22,1399400.16,2,INDESSER=1399372.0; DA LANGUAGES LTD=28.16
DEBT_RECOVERY,Inter DWP debtor - Payments to Foreign bank accounts,Department for Work and Pensions,34,1213115.56,32,J MILLER=72639.0; M PINON=67563.0; J CZERNIEWSKI=50217.0; GREENE SOLICITORS=49412.0; M DOYLE=49136.0
DEBT_RECOVERY,DIG LEGACY TECH DEBT - PROGRAMME DELIVERY DELP,Department for Work and Pensions,19,1179405.13,2,CAPGEMINI UK PLC=1179397.98; XEROX UK LTD=7.15
DEBT_RECOVERY,Sundry Debtors,Home Office,5,951217.5,2,KIER CONSTRUCTION - NORTHERN=900000.0; DELOITTE LLP=51217.5
DEBT_RECOVERY,DIG LEGACY TECH DEBT - RETIREMENT DELP,Department for Work and Pensions,39,927683.52,3,CAPGEMINI UK PLC=542083.2; TECKNUOVO LTD=305960.4; ALEXANDER MANN SOLUTIONS LTD-2WM=79639.92
DEBT_RECOVERY,Debt coll serv (AME),HM Revenue and Customs,22,904976.94,5,EQUITA LTD=324339.87; ROSSENDALES LTD=255171.16; AKINIKA HOLDINGS (UK) LIMITED=148882.63; ADVANTIS CREDIT LTD=131162.68; BLUESTONE CREDIT MANAGEMENT LTD=45420.6
DEBT_RECOVERY,Debt Collection Services,HM Revenue and Customs,4,811801.16,3,iQor holdings Limited=614278.82; Credit Solutions=137133.86; Commercial Collection Services=60388.48
DEBT_RECOVERY,Interest Paid on MOD Debt,Ministry of Defence,1,669815.84,1,DGFM - HMG 4780=669815.84
DEBT_RECOVERY,EXP - IMPAIRMENT - BAD DEBTS - CLIENT FUND,Department for Work and Pensions,15,646145.0,3,CMS 2012 CLIENT FUNDS=394063.0; CM 2012 CLIENT FUNDS=209736.0; DWP 93/03 CMG RECEIPTS & PAYMENTS GB=42346.0
DEBT_RECOVERY,DIG DEBT MGT CRS DELP,Department for Work and Pensions,5,547948.8,1,CAPGEMINI UK PLC=547948.8
DEBT_RECOVERY,EXP - WRITE OFF - BAD DEBTS (NON-RINGFENCED) - CLIENT FUND,Department for Work and Pensions,12,502909.0,2,CM 2012 CLIENT FUNDS=286182.0; CMS 2012 CLIENT FUNDS=216727.0
DEBT_RECOVERY,DIG DEBT MGT BOXI DELP,Department for Work and Pensions,30,401774.8,2,CAPGEMINI UK PLC=335899.2; ALEXANDER MANN SOLUTIONS LTD-2WM=65875.6
DEBT_RECOVERY,Trade Local Debtors Adj,Portsmouth Hospital NHS Trust,7,338483.92,2,Government Banking Services=174533.87; 61419943=163950.05
DEBT_RECOVERY,DIG BSS BAU TECH DEBT DELP,Department for Work and Pensions,88,318980.98,3,ALEXANDER MANN SOLUTIONS LTD-2WM=190860.75; ERNST & YOUNG=128010.6; ROYAL BANK OF SCOTLAND=109.63
DEBT_RECOVERY,DEBT MANAGEMENT OFFICE RENT & SERVICE CHARGE - 24 JUNE 2012 TO 28 SEPTEMBER 2012,HM Treasury,1,288393.6,1,JONES LANG LASALLE=288393.6
DEBT_RECOVERY,DIG DEBT MGT SELFSERVE DELP,Department for Work and Pensions,2,264759.6,1,CAPGEMINI UK PLC=264759.6
DEBT_RECOVERY,OTHER DEBTORS,Department for Work and Pensions,5,245624.12,2,DCSF RM SHARED SERVICES=196469.58; DSCF RM SHARED SERVICES=49154.54
DEBT_RECOVERY,CA - OTHER RECEIVABLES - INTER DWP DEBTOR - PAYMENTS TO UK AND FOREIGN BANK ACCOUNTS,Department for Work and Pensions,3,243743.0,3,RIMINI STREET INC.=165000.0; TIBCO SOFTWARE IRELAND LTD=52129.0; WORK & INCOME=26614.0
DEBT_RECOVERY,Debt Management,Bristol City Council,49,235987.6,11,Tradition (UK) Limited=95238.35; Link Treasury Services Limited=47680.0; MUFG Corporate Markets Treasury Ltd=42355.0; Public Sector Live Ltd=18500.0; Imperial Treasury Services Ltd=11780.83
DEBT_RECOVERY,Debtors Recharge NHS,Coventry and Warwickshire Partnership NHS Trust,4,192763.39,1,Coventry City Council=192763.39
DEBT_RECOVERY,CHG DEBT RECOVERY,Department for Work and Pensions,6,172188.0,2,CAPGEMINI UK PLC=143208.0; BETTER GROUP LTD T/A BETTERGOV=28980.0
DEBT_RECOVERY,OPS CFC DEBT BDDA CHANGE,Department for Work and Pensions,250,118591.28,4,CLARITY TRAVEL LIMITED=103953.14; DA LANGUAGES LTD=8023.5; ROYAL BANK OF SCOTLAND=6112.64; KINTO U K=502.0
DEBT_RECOVERY,DIG PLATFORMS DEBT MGT REFRESH SPEND,Department for Work and Pensions,2,105268.0,1,ARUM SYSTEMS LTD=105268.0
DEBT_RECOVERY,Debt Collection Agency Charges,Royal Borough of Greenwich,85,103536.65,2,WHYTE & CO=98667.02; ROSS & ROBERTS LTD=4869.63
DEBT_RECOVERY,Debt Recovery,NHS Business Services Authority,3,102834.24,1,SOPRA STERIA LIMITED=102834.24
DEBT_RECOVERY,OPS CFC DEBT CORBY,Department for Work and Pensions,184,93587.52,6,ROYAL MAIL GROUP PLC=42202.09; CLARITY TRAVEL LIMITED=41223.0; ROYAL BANK OF SCOTLAND=5051.06; DA LANGUAGES LTD=4162.88; HHG ASSOCIATES LTD=548.0
DEBT_RECOVERY,STR FRAUD ERROR & DEBT ANALYSIS,Department for Work and Pensions,214,88737.77,3,CLARITY TRAVEL LIMITED=81907.76; DA LANGUAGES LTD=6727.01; ROYAL BANK OF SCOTLAND=103.0
DEBT_RECOVERY,DIG DEBT AND FED MI STAFFING DELP,Department for Work and Pensions,225,84698.98,3,CLARITY TRAVEL LIMITED=76429.2; ROYAL BANK OF SCOTLAND=8061.49; KINTO U K=208.29
DEBT_RECOVERY,OPS CFC DEBT FOR SOCIAL FUND,Department for Work and Pensions,210,76739.65,8,CLARITY TRAVEL LIMITED=63830.83; ROYAL MAIL GROUP PLC=5693.03; DA LANGUAGES LTD=2645.77; ROYAL BANK OF SCOTLAND=2347.92; BATES OFFICE SERVICES LTD-2WM=1830.6
DEBT_RECOVERY,OPS CFC DEBT CITIZEN & DATA REPARATION,Department for Work and Pensions,187,72591.96,4,CLARITY TRAVEL LIMITED=65996.39; ROYAL BANK OF SCOTLAND=6270.57; KINTO U K=305.0; HHG ASSOCIATES LTD=20.0
DEBT_RECOVERY,OPS CFC DEBT CRU COMPENSATION RECOVERY,Department for Work and Pensions,250,71505.19,9,ROYAL MAIL GROUP PLC=35580.52; HHG ASSOCIATES LTD=16571.85; CLARITY TRAVEL LIMITED=10235.03; H H ASSOCIATES LTD=5144.76; ROYAL BANK OF SCOTLAND=1871.21
DEBT_RECOVERY,DIG LEGACY TECH DEBT - HEALTH & DISABILITY DELP,Department for Work and Pensions,2,62115.0,1,CAPGEMINI UK PLC=62115.0
DEBT_RECOVERY,OPS CFC DEBT DUDLEY,Department for Work and Pensions,68,56727.33,4,ROYAL BANK OF SCOTLAND=47613.63; DA LANGUAGES LTD=5842.5; CLARITY TRAVEL LIMITED=3242.9; H H ASSOCIATES LTD=28.3
DEBT_RECOVERY,Debt Management Qtr Pay To Boe,HM Treasury,1,55000.0,1,COMPUTERSHARE INVESTOR SERVICES PLC=55000.0
DEBT_RECOVERY,MA ESF(D) Bad Debt Write Offs - TP,Department for Work and Pensions,1,54575.0,1,TRIBAL EDUCATION=54575.0
DEBT_RECOVERY,OPS CFC DEBT TRAFFORD,Department for Work and Pensions,143,43446.43,6,HHG ASSOCIATES LTD=25443.79; ROYAL MAIL GROUP PLC=11251.5; DA LANGUAGES LTD=3254.78; CLARITY TRAVEL LIMITED=3075.29; H H ASSOCIATES LTD=390.06
DEBT_RECOVERY,GENERAL BAD DEBT PROVISION,United Lincolnshire Hospitals NHS Trust,2,39780.0,1,TRIPLEWEST MEDICAL=39780.0
DEBT_RECOVERY,OPS CFC DEBT DEARNE VALLEY,Department for Work and Pensions,130,38916.04,9,ROYAL MAIL GROUP PLC=24289.66; CLARITY TRAVEL LIMITED=6929.11; DA LANGUAGES LTD=3268.92; ROYAL BANK OF SCOTLAND=1585.98; MITIE FM LTD - 2WM=1328.63
DEBT_RECOVERY,"DEBT, MARRIAGE, PERSONAL-COUNSELING SERVICE","Foreign, Commonwealth and Development Office (FCDO)",22,35095.05,10,WFP_CONSULT=11618.1; WFP CONSULT=8406.31; PAYPAL  3VECTORES=5677.44; ICC INC.=3418.81; DUN  BRADSTREET LIMTIE=1768.06
DEBT_RECOVERY,Sundry Debtors,Animal and Plant Health Agency,1,32972.9,1,DEFRA=32972.9
DEBT_RECOVERY,201600 Financial Services > Debt Collection & Recovery,North Yorkshire Council,74,31904.71,5,TRAFFIC ENFORCEMENT CENTRE=30000.0; CAPITAL RESOLVE LTD=1500.87; BRISTOW & SUTOR=403.84; MARSTON GROUP LTD=0.0; JACOBS DEBT RECOVERY=0.0
DEBT_RECOVERY,Debtors Control Refunds,Uttlesford District Council,29,28852.52,3,Sundry BACS=22866.92; Pelham Structures Ltd=5700.0; Saffron Walden Town Council=285.6
DEBT_RECOVERY,Debtors Unident Receipts,"Department for Digital, Culture, Media and Sport",1,28250.0,1,HM Treasury (15811)=28250.0
DEBT_RECOVERY,ESF DEBTOR BALANCE,Department for Work and Pensions,1,27634.0,1,DWP=27634.0
DEBT_RECOVERY,Debt coll serv (Del),HM Revenue and Customs,1,25131.54,1,Rossendales Ltd=25131.54
DEBT_RECOVERY,"DEBT, MARRIAGE, PERSONAL-COUNSELING SERVICE",Foreign and Commonwealth Office,26,22566.94,12,SARIT ARIELI=8282.04; BERGAMO ENERGIE SR 569=3952.35; SONDICO PROFESSIONAL=2500.0; ANADOLU AJANSI=1472.54; CIVIL SERVICE LEARNING=1155.6
DEBT_RECOVERY,OPS CFC DEBT NUNEATON,Department for Work and Pensions,102,22117.65,7,ROYAL MAIL GROUP PLC=14845.87; DA LANGUAGES LTD=4180.45; CLARITY TRAVEL LIMITED=1571.8; ROYAL BANK OF SCOTLAND=1073.36; H H ASSOCIATES LTD=298.82
DEBT_RECOVERY,OPS CFC DEBT WATFORD,Department for Work and Pensions,110,21296.77,7,ROYAL MAIL GROUP PLC=12470.9; CLARITY TRAVEL LIMITED=3757.36; ROYAL BANK OF SCOTLAND=2275.57; HHG ASSOCIATES LTD=884.0; DA LANGUAGES LTD=736.45
DEBT_RECOVERY,OPS CFC DEBT PORTH,Department for Work and Pensions,106,16923.79,5,CLARITY TRAVEL LIMITED=12492.57; DA LANGUAGES LTD=2985.18; ROYAL BANK OF SCOTLAND=1178.88; HHG ASSOCIATES LTD=257.73; H H ASSOCIATES LTD=9.43
DEBT_RECOVERY,OPS CFC DEBT BRADFORD,Department for Work and Pensions,103,14527.72,5,CLARITY TRAVEL LIMITED=10166.94; DA LANGUAGES LTD=1558.41; ROYAL MAIL GROUP PLC=1174.55; H H ASSOCIATES LTD=871.82; HHG ASSOCIATES LTD=756.0
DEBT_RECOVERY,OPS CFC DEBT HOD,Department for Work and Pensions,91,12570.42,2,CLARITY TRAVEL LIMITED=12460.42; ROYAL BANK OF SCOTLAND=110.0
DEBT_RECOVERY,OPS CFC DEBT  WASHINGTON,Department for Work and Pensions,101,11759.41,4,CLARITY TRAVEL LIMITED=8163.22; ROYAL BANK OF SCOTLAND=1753.51; HHG ASSOCIATES LTD=1162.41; DA LANGUAGES LTD=680.27
DEBT_RECOVERY,201600 Financial Services > Debt Collection & Recovery,Former council of North Yorkshire,14,11343.96,3,KD CARPETS=7302.5; JTR COLLECTIONS=2692.85; ILLION DIGITAL TECH SOLUTIONS UK LTD=1348.61
DEBT_RECOVERY,Debt Recovery & Credit Control,Shropshire Community Health NHS Trust,407,10299.46,3,CCI CREDIT MANAGEMENT LTD=8853.31; CCI LEGAL SERVICES LTD=1440.21; PREECE BURFORD LTD=5.94
DEBT_RECOVERY,DEBTORS HOLDING CODE,Salisbury NHS Foundation Trust,146,9635.98,1,NHS LOGISTICS=9635.98
DEBT_RECOVERY,OPS CFC DEBT TAUNTON,Department for Work and Pensions,62,8500.94,4,CLARITY TRAVEL LIMITED=6195.76; DA LANGUAGES LTD=1697.17; H H ASSOCIATES LTD=441.01; HHG ASSOCIATES LTD=167.0
DEBT_RECOVERY,OPS CFC DEBT GLASGOW,Department for Work and Pensions,53,6847.29,4,CLARITY TRAVEL LIMITED=6130.49; DA LANGUAGES LTD=663.94; HHG ASSOCIATES LTD=34.0; H H ASSOCIATES LTD=18.86
DEBT_RECOVERY,OPS CFC DEBT BIRMINGHAM,Department for Work and Pensions,74,6605.22,5,CLARITY TRAVEL LIMITED=3374.31; DA LANGUAGES LTD=1868.87; ROYAL BANK OF SCOTLAND=957.26; H H ASSOCIATES LTD=259.78; HHG ASSOCIATES LTD=145.0
DEBT_RECOVERY,To clear housing related debt,Uttlesford District Council,1,5518.86,1,Sage Homes RP Limited=5518.86
DEBT_RECOVERY,OPS CFC DEBT ENFORCEMENT TEAM,Department for Work and Pensions,68,5423.72,5,CLARITY TRAVEL LIMITED=2610.87; DA LANGUAGES LTD=1383.63; ROYAL BANK OF SCOTLAND=606.51; HHG ASSOCIATES LTD=502.0; H H ASSOCIATES LTD=320.71
DEBT_RECOVERY,Debtors refund,Uttlesford District Council,3,4131.28,1,Sundry BACS=4131.28
DEBT_RECOVERY,Other Debtors - DTI Advances - Balance Sheet,UK Trade and Investment,4,3200.0,1,"Personal Expense, Name Witheld=3200.0"
DEBT_RECOVERY,OPS CFC DEBT BDDA & INF,Department for Work and Pensions,27,2772.18,2,CLARITY TRAVEL LIMITED=2386.88; ROYAL BANK OF SCOTLAND=385.3
DEBT_RECOVERY,PPL PRS 2018/19 music licence payment via debt collection agency csl,The National Archives,1,2217.61,1,CSL=2217.61
DEBT_RECOVERY,OPS CFC DEBT RFE,Department for Work and Pensions,11,1353.6,3,CLARITY TRAVEL LIMITED=1025.15; ROYAL BANK OF SCOTLAND=299.22; HHG ASSOCIATES LTD=29.23
DEBT_RECOVERY,Debtors refunds,Uttlesford District Council,2,792.96,1,Sundry BACS=792.96
DEBT_RECOVERY,OPS CFC DEBT BDDA FINANCE,Department for Work and Pensions,12,733.67,4,CLARITY TRAVEL LIMITED=623.87; H H ASSOCIATES LTD=53.74; DA LANGUAGES LTD=28.06; HHG ASSOCIATES LTD=28.0
DEBT_RECOVERY,OPS CFC DEBT POLICY & COMMS,Department for Work and Pensions,23,592.1,3,DA LANGUAGES LTD=467.1; ROYAL BANK OF SCOTLAND=129.0; CLARITY TRAVEL LIMITED=-4.0
DEBT_RECOVERY,Debt Collection & Recovery - Fees,Uttlesford District Council,1,503.0,1,Greenhalgh Kerr Solicitors Ltd=503.0
DEBT_RECOVERY,OPS CFC DEBT INCOME DEL P,Department for Work and Pensions,17,417.1,1,DA LANGUAGES LTD=417.1
DEBT_RECOVERY,FG OPS FIN DEBT OPS BDTG FINANCE,Department for Work and Pensions,1,179.0,1,ROYAL BANK OF SCOTLAND=179.0
DEBT_RECOVERY,OPS CFC DEBT CRU SYSTEM DEVELOPMENT,Department for Work and Pensions,20,107.85,2,DA LANGUAGES LTD=71.26; ROYAL MAIL GROUP PLC=36.59
DEBT_RECOVERY,OPS CFC DEBT CRU OVERSEAS HEALTHCARE TEAM,Department for Work and Pensions,2,25.0,1,DA LANGUAGES LTD=25.0
DEBT_RECOVERY,OPS CFC DEBT BDDA BRMIA & INF,Department for Work and Pensions,3,22.53,1,DA LANGUAGES LTD=22.53
DEBT_RECOVERY,OPS CFC DEBT OPS CENTRAL,Department for Work and Pensions,3,14.31,1,DA LANGUAGES LTD=14.31
DEBT_RECOVERY,OPS CFC DEBT CC PERFORMANCE MANAGEMENT,Department for Work and Pensions,2,2.97,1,DA LANGUAGES LTD=2.97
DEBT_RECOVERY,MA ESF (D) OVERPAYMENT DEBTS OGDs,Department for Work and Pensions,1,-3731.0,1,WEST MIDLANDS LEARNING & SKILLS COUNCIL=-3731.0
DEBT_RECOVERY,ESF OTHER DEBTORS <1YR,Department for Work and Pensions,1,-9893.0,1,NORTH WEST NETWORK=-9893.0
DEBT_RECOVERY,UKBA Visa Expenditure Debtor Control,Foreign and Commonwealth Office,5,-240443781.0,1,HOME OFFICE=-240443781.0
SUMMONS,Court Costs Summons Fees,Royal Borough of Greenwich,35,165834.0,2,HER MAJESTY`S COURTS SERVICE=164754.0; TERRI`S NAIL & BEAUTY PLACE=1080.0
COLLECTION_AGENT,Debt collection serv,HM Revenue and Customs,308,32465220.51,24,iQor holdings Limited=4182931.97; DRYDENSFAIRFAX SOLICITORS=3898477.85; Commercial Collection Services=3172380.77; IQOR HOLDINGS LTD=2368955.45; COMMERCIAL COLLECTION SERVICES=2150759.57
COLLECTION_AGENT,BRR Estimated Collection Fund Surplus PY,"Ministry of Housing, Communities and Local Government",51,11681794.0,32,OFFICE OF THE PAYMASTER GENERAL (NN=15321211.0; STOKE ON TRENT CITY COUNCIL=-49.0; NORTH LINCOLNSHIRE DC=-450.0; YORK CITY CNCL=-1110.0; SOUTHWARK LB=-1469.0
COLLECTION_AGENT,Debt collection service (DEL),HM Revenue and Customs,3,3989864.59,1,TDX GROUP LTD=3989864.59
COLLECTION_AGENT,EXP - PURCHASE OF GOODS/SERVICES - OTHER PROF SERVICES - DEBT COLLECTION,Department for Work and Pensions,78,3858392.89,2,INDESSER=3809032.89; PROFESSIONAL COST MANAGEMENT GROUP LTD=49360.0
COLLECTION_AGENT,Data Collection Services,"Department for Environment, Food and Rural Affairs",47,3823018.9,27,Osiris Projects=844874.05; Gardline Environmental Limited=715047.98; EGS (International) Ltd=617969.0; TITAN ENVIRONMENTAL SURVEYS LTD=208328.0; EMU LTD=155206.8
COLLECTION_AGENT,TPP - Waste Collection,Bristol City Council,70,3786540.29,23,Bristol Waste company Limited=3487082.64; South Gloucestershire Council (Main Order Account)=102093.27; Apollo Cleaning Solutions=67070.0; North Somerset Council=46114.9; Bristol Food Network CIC=32000.0
COLLECTION_AGENT,Contract refuse collection,Eden District Council,53,3481725.45,2,AMEY PLC=2423526.64; ENTERPRISE MANAGED SERVICES LTD=1058198.81
COLLECTION_AGENT,Home Office Visa Fees: Post Collection-Payment In UK,Foreign and Commonwealth Office,374,2418601.89,1,HOME OFFICE=2418601.89
COLLECTION_AGENT,STATUTORY RESIDUES SURVEILLANCE - SAMPLE COLLECTION,"Department for Environment, Food and Rural Affairs",44,2051414.07,5,FOOD STANDARDS AGENCY=1137087.64; ANIMAL HEALTH=542296.56; SCOTTISH EXECUTIVE=156487.48; AHVLA=109976.11; ANIMAL HEALTH & VETERINARY LABORATORIES AGENCY=105566.28
COLLECTION_AGENT,Garden Waste Collection,Rushmoor Borough Council,97,1956072.39,1,Serco Ltd=1956072.39
COLLECTION_AGENT,Debt Collection Services,HM Revenue and Customs,4,811801.16,3,iQor holdings Limited=614278.82; Credit Solutions=137133.86; Commercial Collection Services=60388.48
COLLECTION_AGENT,Waste Collection From Other NHS Bodies,Shropshire Community Health NHS Trust,637,620919.2,3,MIDLANDS PARTNERSHIP NHS FOUNDATION TRUST=609716.15; SOUTH STAFFORDSHIRE AND SHROPSHIRE HEALTHCARE NHS FOUNDATION TRUST=10780.55; BLACK COUNTRY HEALTH CARE NHS FT=422.5
COLLECTION_AGENT,Bulky Waste Collection,Rushmoor Borough Council,183,522186.99,2,Serco Ltd=342426.36; Veolia Environmental Services=179760.63
COLLECTION_AGENT,Refuse Collection,Eden District Council,16,481655.67,1,AMEY PLC=481655.67
COLLECTION_AGENT,Refuse Collection,Shropshire Community Health NHS Trust,3280,448487.16,14,VEOLIA ES (UK) LTD=366144.03; BIFFA WASTE SERVICES LTD=44121.51; PG SKIPS LTD=32981.69; VEOLIA WATER TECHNOLOGIES=2715.0; NHS SUPPLY CHAIN=816.0
COLLECTION_AGENT,Acquisitions (Books & Collections),Natural History Museum,1300,256487.59,133,NHBS LTD=77189.34; Taylor & Francis Ltd=63232.5; Amazon EU=19490.89; Simon Harrison / Portico Designs Ltd=11725.0; WWW.KOELTZ.COM=8016.53
COLLECTION_AGENT,Waste Collection - Waste Disposal,Uttlesford District Council,73,208614.36,11,Essex County Council=104431.96; Widdington Recycling=47616.7; Positive Waste Solutions Ltd=25716.6; Full Cyle Waste Management=12143.86; Smith Bros. & Webb Ltd=6788.77
COLLECTION_AGENT,Confidential Waste Collection,Shropshire Community Health NHS Trust,3997,203030.7,14,RESTORE DATASHRED LTD=121784.37; RESTORE DATASHRED=35124.02; PHS GROUP LTD=30283.2; DATA SOLUTIONS=7838.48; TOYOTA TSUSHO UK LTD=2895.83
COLLECTION_AGENT,BID Levy Collection Movemt in year,Uttlesford District Council,5,174671.1,1,Saffron Walden Business Improvement=174671.1
COLLECTION_AGENT,Special Collection Service,Royal Borough of Greenwich,60,129678.03,2,SCCI ALPHATRACK LTD=125158.11; CRYSTAL ELECTRONICS LTD=4519.92
COLLECTION_AGENT,Debt Collection Agency Charges,Royal Borough of Greenwich,85,103536.65,2,WHYTE & CO=98667.02; ROSS & ROBERTS LTD=4869.63
COLLECTION_AGENT,Refuse Collection Charges,South Gloucestershire Council,88,101257.95,6,SITA UK LTD=74896.01; Frank Bowtell Limited=18207.5; OCS Group UK Ltd=6014.28; Cannon Hygiene Limited=1525.32; Mechanical Engineering Svcs (Avon) Ltd=450.0
COLLECTION_AGENT,ESFA DATA COLLECTION,Department for Education,1,54031.83,1,CAPGEMINI UK PLC=54031.83
COLLECTION_AGENT,Lease of storage building for collections April-June,Ministry of Defence,1,48132.7,1,GEOGHEGAN BROS. LTD=48132.7
COLLECTION_AGENT,Lease of storage building for collections July-October,Ministry of Defence,1,48132.7,1,GEOGHEGAN BROS. LTD=48132.7
COLLECTION_AGENT,Lease of storage building for collections November-January,Ministry of Defence,1,48132.7,1,GEOGHEGAN BROS. LTD=48132.7
COLLECTION_AGENT,Clinical Waste Collection,Shropshire Community Health NHS Trust,516,43734.43,5,SRCL LTD=38498.35; INDEPENDENT SAFETY SERVICES LTD=4560.0; PHS GROUP LTD=426.7; MINISTRY OF JUSTICE=164.38; VORTEX CLEANING LTD=85.0
COLLECTION_AGENT,182013 Environmental Services > Waste Management > Waste Collection,North Yorkshire Council,36,38122.48,6,ABFALLBEHALTER & CONTAINER WEBER UK LTD=15947.2; R & J FARROW LTD=13394.6; C S BACKHOUSE LTD=2514.22; STERTIL UK LTD=2220.06; KGZ WASTE REMOVAL=2200.0
COLLECTION_AGENT,Refuse Collection,Bristol City Council,51,37758.7,17,Apollo Cleaning Solutions=12730.0; The FA Bartlett Tree Expert Co. Ltd=6200.0; Dobbins Industrial Cleaning=5580.0; Cabot Learning Federation T/A Frome Vale Academy=2541.65; Crawfords Extreme Cleaning Limited=2250.0
COLLECTION_AGENT,201600 Financial Services > Debt Collection & Recovery,North Yorkshire Council,74,31904.71,5,TRAFFIC ENFORCEMENT CENTRE=30000.0; CAPITAL RESOLVE LTD=1500.87; BRISTOW & SUTOR=403.84; MARSTON GROUP LTD=0.0; JACOBS DEBT RECOVERY=0.0
COLLECTION_AGENT,BID levy collection movement within year,Uttlesford District Council,1,31000.0,1,Saffron Walden Business Improvement=31000.0
COLLECTION_AGENT,Cash collection,Eden District Council,7,23535.0,1,CARLISLE CITY COUNCIL=23535.0
COLLECTION_AGENT,Acquisitions (Books & Collections),"Department for Digital, Culture, Media and Sport",93,19431.32,30,Taylor & Francis Ltd=5130.0; NHBS LTD=4530.28; BRUCE AND LEICHT=3979.64; MARCUSORIGL=1609.88; AMAZON EU=1074.35
COLLECTION_AGENT,Collection of Local Taxation,Eden District Council,12,14809.44,3,CIVICA UK LTD=6861.05; MORGAN HUNT UK LTD=5448.39; DOUCMENT OUTPUT SOLUTIONS UK LTD=2500.0
COLLECTION_AGENT,Secure Cash Collection,Plymouth City Council,10,11722.81,1,G4S Cash Services (UK) Limited=11722.81
COLLECTION_AGENT,201600 Financial Services > Debt Collection & Recovery,Former council of North Yorkshire,14,11343.96,3,KD CARPETS=7302.5; JTR COLLECTIONS=2692.85; ILLION DIGITAL TECH SOLUTIONS UK LTD=1348.61
COLLECTION_AGENT,Commercial Refuse collection,Eden District Council,19,10752.5,2,AMEY PLC=10236.66; ENTERPRISE MANAGED SERVICES LTD=515.84
COLLECTION_AGENT,Collection of Abandoned Vehicles,Rushmoor Borough Council,6,8347.0,1,Hampshire County Council=8347.0
COLLECTION_AGENT,Refuse Collection,Plymouth City Council,7,6869.02,3,Viridor Waste Management=4080.47; Biffa Waste Services Ltd=1420.55; Absolute Retail Limited=1368.0
COLLECTION_AGENT,Dog Contract Collection,Eden District Council,7,5306.54,2,ENTERPRISE MANAGED SERVICES LTD=3027.76; AMEY PLC=2278.78
COLLECTION_AGENT,Environment Monitoring Assistant sample collection for extra workload,"Department for Environment, Food and Rural Affairs",10,5222.08,1,PERTEMPS LTD=5222.08
COLLECTION_AGENT,Sampling equipment for Sampling and Collection Wessex team members,"Department for Environment, Food and Rural Affairs",2,4860.45,1,EM SUPPLIES=4860.45
COLLECTION_AGENT,Temp member of staff covering supernumerary post in Sampling and Collection  team.,"Department for Environment, Food and Rural Affairs",8,4811.19,1,PERTEMPS LTD=4811.19
COLLECTION_AGENT,1 Sampling and Collection Environmental Monitoring Assistant Temp Contract,"Department for Environment, Food and Rural Affairs",7,3565.63,1,PERTEMPS LTD=3565.63
COLLECTION_AGENT,Seasonal Environment Monitoring Assistant Sampling and Collection,"Department for Environment, Food and Rural Affairs",6,3049.43,1,PERTEMPS LTD=3049.43
COLLECTION_AGENT,Special/Hazardous Waste Collection,Shropshire Community Health NHS Trust,22,3016.32,4,PHS GROUP LTD=2835.5; GLYN UPTON REMOVALS=75.0; INITIAL WASHROOMS SOLUTIONS=67.5; PREMIERE HEALTHCARE=38.32
COLLECTION_AGENT,Council Tax Collection,Rushmoor Borough Council,1,2370.0,1,HM Magistrates Court=2370.0
COLLECTION_AGENT,182013 Environmental Services > Waste Management > Waste Collection,Former council of North Yorkshire,8,2355.23,3,WILF NOBLE RECYCLING LTD=1200.0; WASTECARE=946.9; KMR SKIP HIRE LTD=208.33
COLLECTION_AGENT,PPL PRS 2018/19 music licence payment via debt collection agency csl,The National Archives,1,2217.61,1,CSL=2217.61
COLLECTION_AGENT,Renewal of the Xceed data compression tool which supports the data collection system COLLECT.,Department for Education,1,2043.43,1,XCEED SOFTWARE=2043.43
COLLECTION_AGENT,Additional fridge for storage of chemical samples for collection,"Department for Environment, Food and Rural Affairs",1,1915.2,1,FOSTER REFRIGERATION=1915.2
COLLECTION_AGENT,Caps for Sampling and Collection water quality meters Yorkshire area,"Department for Environment, Food and Rural Affairs",1,1740.0,1,YSI HYDRODATA LTD=1740.0
COLLECTION_AGENT,Postage collection and delivery costs,"Department for Environment, Food and Rural Affairs",2,1653.33,1,ROYAL MAIL GROUP         BOLTON=1653.33
COLLECTION_AGENT,Refuse Collection Domestic,Eden District Council,2,1637.58,1,AMEY PLC=1637.58
COLLECTION_AGENT,temp staff to assist with Water Framework Directive/beaches field data collection,"Department for Environment, Food and Rural Affairs",3,1555.06,1,PERTEMPS LTD=1555.06
COLLECTION_AGENT,"Discovering Collections, Discovering Communities conference tickets",The National Archives,2,1467.36,1,DCDC19 Conference=1467.36
COLLECTION_AGENT,"New probes for Sampling and Collection  North East area, to carry out area monitoring","Department for Environment, Food and Rural Affairs",1,1359.6,1,YSI HYDRODATA LTD=1359.6
COLLECTION_AGENT,Waste Collection,Rushmoor Borough Council,1,1207.5,1,Serco Ltd=1207.5
COLLECTION_AGENT,print and frames Government Art Collection,"Department for Digital, Culture, Media and Sport",1,1182.0,1,OMNI COLOUR=1182.0
COLLECTION_AGENT,collection and disposal of leachate from weedboom,"Department for Environment, Food and Rural Affairs",1,1176.0,1,BKP WASTE & RECYLCLING=1176.0
COLLECTION_AGENT,Collection of controlled waste from Scotts Float Depot,"Department for Environment, Food and Rural Affairs",1,1106.57,1,WASTE WAY SOUTHERN=1106.57
COLLECTION_AGENT,Refuse collection,"Department for Environment, Food and Rural Affairs",1,1102.4,1,NORTH NORFOLK DISTRICT COUNCIL=1102.4
COLLECTION_AGENT,1 x Adobe CS5.5 Master Collection Windows Upgrade Edition,"Department for Environment, Food and Rural Affairs",1,1095.35,1,ECL EVASOFTWARE          EVASOFT.CO=1095.35
COLLECTION_AGENT,Oil collection,Eden District Council,2,1000.0,1,P LEE WASTE OILS LTD=1000.0
COLLECTION_AGENT,Accommodation for 2 people for 5 nights for the Data Collection Framework Regional Coordination Meeting for The North Atlantic,"Department for Environment, Food and Rural Affairs",1,955.69,1,HOTEL BERO=955.69
COLLECTION_AGENT,Ryman Sets for Government Art Collection,"Department for Digital, Culture, Media and Sport",1,853.2,1,ABSOLUTE MUSEUM & GALL=853.2
COLLECTION_AGENT,New probes for Sampling and Collection  Yorkshire area to carry out area monitoring,"Department for Environment, Food and Rural Affairs",1,793.2,1,YSI HYDRODATA LTD=793.2
COLLECTION_AGENT,Payment to collection agency for overdue Neopost invoice-Regional Office South West,"Department for Environment, Food and Rural Affairs",1,786.75,1,ORIEL RECEIVABLES        CHELTENHAM=786.75
COLLECTION_AGENT,Annual charges for collection of post at the Colvedene Court,"Department for Environment, Food and Rural Affairs",1,780.0,1,ROYAL MAIL GROUP=780.0
COLLECTION_AGENT,"Royal Mail collections - Business Fee for Fera (PHSI), Cromwell House, Winchester.","Department for Environment, Food and Rural Affairs",1,780.0,1,ROYAL MAIL GROUP=780.0
COLLECTION_AGENT,June hire/collection 6 inch pump at Pentewan Cross Channel,"Department for Environment, Food and Rural Affairs",1,768.0,1,ANDREWS SYKES HIRE=768.0
COLLECTION_AGENT,Collections Management,Royal Borough of Greenwich,2,759.42,1,REDACTED PERSONAL INFORMATION=759.42
COLLECTION_AGENT,Cost of NNDR Collection,Rushmoor Borough Council,1,738.0,1,HM Magistrates Court=738.0
COLLECTION_AGENT,Hazardous waste collection,"Department for Environment, Food and Rural Affairs",1,733.2,1,WWW.VEOLIA.CO.UK         01543 455557=733.2
COLLECTION_AGENT,"Anglia East, Sampling and Collection, monitoring programme temp staff deliver core monitoring programme. w/e 29/06/12","Department for Environment, Food and Rural Affairs",1,680.82,1,PERTEMPS LTD=680.82
COLLECTION_AGENT,"Conferences & Seminars - Eventbrite - P. Maximo Rocha, 'Changing Climate Management Strategies - Sustainable Collection Environments', Victoria & Albert Museum, 05/02/2024 - 09/02/2024",The National Archives,1,679.71,1,Eb Changing Climate M=679.71
COLLECTION_AGENT,"S. Noble & M. Martinez-Viciana, 'X Project Management in Conservation & Collections Care', & '2.0 X Advanced Project Management in Conservation & Collections Care', February & May, 2023",The National Archives,1,672.84,1,Paypal=672.84
COLLECTION_AGENT,Sampling and Collection  additional workload - w/e 22/06/12,"Department for Environment, Food and Rural Affairs",1,643.51,1,PERTEMPS LTD=643.51
COLLECTION_AGENT,Sampling and Collection assistant Data entry and records management,"Department for Environment, Food and Rural Affairs",1,625.88,1,PERTEMPS LTD=625.88
COLLECTION_AGENT,"Anglia East, Sampling and Collection  temp staff deliver core monitoring programme. w/e 06/07/12","Department for Environment, Food and Rural Affairs",1,612.18,1,PERTEMPS LTD=612.18
COLLECTION_AGENT,Various pots and sampling poles for sampling and  collection,"Department for Environment, Food and Rural Affairs",1,605.76,1,EM SUPPLIES=605.76
COLLECTION_AGENT,Collection and disposal of hazardous waste from Northfleet,"Department for Environment, Food and Rural Affairs",1,603.16,1,ADLER & ALLAN LTD=603.16
COLLECTION_AGENT,Courier collections from the Crewe office in Nov 2011,"Department for Environment, Food and Rural Affairs",1,602.61,1,UK MAIL=602.61
COLLECTION_AGENT,Annual subscription for 7 satellite trackers for Sampling and Collection  team,"Department for Environment, Food and Rural Affairs",1,577.02,1,SPOT=577.02
COLLECTION_AGENT,Temp member of staff covering supernumerary post in  Sampling and Collection  team.,"Department for Environment, Food and Rural Affairs",1,576.66,1,PERTEMPS LTD=576.66
COLLECTION_AGENT,Waste collections from Lutra House,"Department for Environment, Food and Rural Affairs",1,556.63,1,SITA HOLDINGS UK=556.63
COLLECTION_AGENT,Waste collections from Lutra house,"Department for Environment, Food and Rural Affairs",1,556.63,1,SITA HOLDINGS UK=556.63
COLLECTION_AGENT,Waste collections from lutra house for July 2012,"Department for Environment, Food and Rural Affairs",1,556.63,1,SITA HOLDINGS UK=556.63
COLLECTION_AGENT,"Anglia East, Sampling and Collection temp staff deliver core monitoring programme. w/e 15/06/12","Department for Environment, Food and Rural Affairs",1,547.3,1,PERTEMPS LTD=547.3
COLLECTION_AGENT,182014 Environmental Services > Waste Management > Waste Collection for Recycling,North Yorkshire Council,1,528.17,1,RESTORE DATASHRED LTD=528.17
COLLECTION_AGENT,Collection,Rushmoor Borough Council,1,525.0,1,Hampshire County Council=525.0
COLLECTION_AGENT,CILIP Rare Books and Collections Group conference - SA,The National Archives,1,504.0,1,Cilip=504.0
COLLECTION_AGENT,Debt Collection & Recovery - Fees,Uttlesford District Council,1,503.0,1,Greenhalgh Kerr Solicitors Ltd=503.0
COLLECTION_AGENT,"Anglia East, Sampling and Collection  temp staff deliver core mon prog. w/e 22/06/12","Department for Environment, Food and Rural Affairs",1,501.96,1,PERTEMPS LTD=501.96
COLLECTION_AGENT,Abandoned Vehicle Collection,Rushmoor Borough Council,1,339.0,1,Hampshire County Council=339.0
COLLECTION_AGENT,351200 Street & Traffic Management > Parking > Fines Collection,North Yorkshire Council,12,0.0,1,EQUITA LIMITED=0.0
