publisher,supplier_raw,date,year_month,amount,expense_type,expense_area,source_file
North Yorkshire Council,BRISTOW & SUTOR,2025-10-17,2025-10,4084.59,201600 Financial Services > Debt Collection & Recovery,Resources Directorate and Central Services - Revenue,1759cfb1830f033e71d54fb2d3596523cfd9a011.bin
North Yorkshire Council,BRISTOW & SUTOR,2025-10-17,2025-10,-4084.59,201600 Financial Services > Debt Collection & Recovery,Resources Directorate and Central Services - Revenue,1759cfb1830f033e71d54fb2d3596523cfd9a011.bin
North Yorkshire Council,BRISTOW & SUTOR,2025-11-07,2025-11,2624.81,201600 Financial Services > Debt Collection & Recovery,Resources Directorate and Central Services - Revenue,1759cfb1830f033e71d54fb2d3596523cfd9a011.bin
North Yorkshire Council,BRISTOW & SUTOR,2025-11-07,2025-11,-2624.81,201600 Financial Services > Debt Collection & Recovery,Resources Directorate and Central Services - Revenue,1759cfb1830f033e71d54fb2d3596523cfd9a011.bin
North Yorkshire Council,BRISTOW & SUTOR,2025-11-28,2025-11,3232.96,201600 Financial Services > Debt Collection & Recovery,Resources Directorate and Central Services - Revenue,1759cfb1830f033e71d54fb2d3596523cfd9a011.bin
North Yorkshire Council,BRISTOW & SUTOR,2025-11-28,2025-11,-3232.96,201600 Financial Services > Debt Collection & Recovery,Resources Directorate and Central Services - Revenue,1759cfb1830f033e71d54fb2d3596523cfd9a011.bin
North Yorkshire Council,BRISTOW & SUTOR,2026-04-01,2026-04,-3602.12,201600 Financial Services > Debt Collection & Recovery,Resources Directorate and Central Services - Revenue,e5e140c591fd8c09c35f0b8232ff5890332735b3.bin
North Yorkshire Council,BRISTOW & SUTOR,2026-04-01,2026-04,3602.12,201600 Financial Services > Debt Collection & Recovery,Resources Directorate and Central Services - Revenue,e5e140c591fd8c09c35f0b8232ff5890332735b3.bin
North Yorkshire Council,BRISTOW & SUTOR,2026-04-01,2026-04,403.84,201600 Financial Services > Debt Collection & Recovery,Resources Directorate and Central Services - Revenue,e5e140c591fd8c09c35f0b8232ff5890332735b3.bin
North Yorkshire Council,BRISTOW & SUTOR,2026-04-01,2026-04,372.77,201600 Financial Services > Debt Collection & Recovery,Resources Directorate and Central Services - Revenue,e5e140c591fd8c09c35f0b8232ff5890332735b3.bin
North Yorkshire Council,BRISTOW & SUTOR,2026-04-01,2026-04,-372.77,201600 Financial Services > Debt Collection & Recovery,Resources Directorate and Central Services - Revenue,e5e140c591fd8c09c35f0b8232ff5890332735b3.bin
North Yorkshire Council,BRISTOW & SUTOR,2026-04-10,2026-04,2927.27,201600 Financial Services > Debt Collection & Recovery,Resources Directorate and Central Services - Revenue,e5e140c591fd8c09c35f0b8232ff5890332735b3.bin
North Yorkshire Council,BRISTOW & SUTOR,2026-04-10,2026-04,-2927.27,201600 Financial Services > Debt Collection & Recovery,Resources Directorate and Central Services - Revenue,e5e140c591fd8c09c35f0b8232ff5890332735b3.bin
North Yorkshire Council,BRISTOW & SUTOR,2026-04-29,2026-04,2752.42,201600 Financial Services > Debt Collection & Recovery,Resources Directorate and Central Services - Revenue,e5e140c591fd8c09c35f0b8232ff5890332735b3.bin
North Yorkshire Council,BRISTOW & SUTOR,2026-04-29,2026-04,-2752.42,201600 Financial Services > Debt Collection & Recovery,Resources Directorate and Central Services - Revenue,e5e140c591fd8c09c35f0b8232ff5890332735b3.bin
North Yorkshire Council,BRISTOW & SUTOR,2026-05-22,2026-05,3978.55,201600 Financial Services > Debt Collection & Recovery,Resources Directorate and Central Services - Revenue,e5e140c591fd8c09c35f0b8232ff5890332735b3.bin
North Yorkshire Council,BRISTOW & SUTOR,2026-05-22,2026-05,-3978.55,201600 Financial Services > Debt Collection & Recovery,Resources Directorate and Central Services - Revenue,e5e140c591fd8c09c35f0b8232ff5890332735b3.bin
North Yorkshire Council,BRISTOW & SUTOR,2026-05-29,2026-05,-4129.54,201600 Financial Services > Debt Collection & Recovery,Resources Directorate and Central Services - Revenue,e5e140c591fd8c09c35f0b8232ff5890332735b3.bin
North Yorkshire Council,BRISTOW & SUTOR,2026-05-29,2026-05,4129.54,201600 Financial Services > Debt Collection & Recovery,Resources Directorate and Central Services - Revenue,e5e140c591fd8c09c35f0b8232ff5890332735b3.bin
North Yorkshire Council,BRISTOW & SUTOR,2026-06-05,2026-06,3469.24,201600 Financial Services > Debt Collection & Recovery,Resources Directorate and Central Services - Revenue,e5e140c591fd8c09c35f0b8232ff5890332735b3.bin
North Yorkshire Council,BRISTOW & SUTOR,2026-06-05,2026-06,-3469.24,201600 Financial Services > Debt Collection & Recovery,Resources Directorate and Central Services - Revenue,e5e140c591fd8c09c35f0b8232ff5890332735b3.bin
North Yorkshire Council,BRISTOW & SUTOR,2026-06-05,2026-06,2910.25,201600 Financial Services > Debt Collection & Recovery,Resources Directorate and Central Services - Revenue,e5e140c591fd8c09c35f0b8232ff5890332735b3.bin
North Yorkshire Council,BRISTOW & SUTOR,2026-06-05,2026-06,-2910.25,201600 Financial Services > Debt Collection & Recovery,Resources Directorate and Central Services - Revenue,e5e140c591fd8c09c35f0b8232ff5890332735b3.bin
North Yorkshire Council,BRISTOW & SUTOR,2026-06-05,2026-06,2984.68,201600 Financial Services > Debt Collection & Recovery,Resources Directorate and Central Services - Revenue,e5e140c591fd8c09c35f0b8232ff5890332735b3.bin
North Yorkshire Council,BRISTOW & SUTOR,2026-06-05,2026-06,-2984.68,201600 Financial Services > Debt Collection & Recovery,Resources Directorate and Central Services - Revenue,e5e140c591fd8c09c35f0b8232ff5890332735b3.bin
North Yorkshire Council,BRISTOW & SUTOR,2026-06-05,2026-06,2559.18,201600 Financial Services > Debt Collection & Recovery,Resources Directorate and Central Services - Revenue,e5e140c591fd8c09c35f0b8232ff5890332735b3.bin
North Yorkshire Council,BRISTOW & SUTOR,2026-06-05,2026-06,-2559.18,201600 Financial Services > Debt Collection & Recovery,Resources Directorate and Central Services - Revenue,e5e140c591fd8c09c35f0b8232ff5890332735b3.bin
North Yorkshire Council,BRISTOW & SUTOR,2026-06-26,2026-06,4329.97,201600 Financial Services > Debt Collection & Recovery,Resources Directorate and Central Services - Revenue,e5e140c591fd8c09c35f0b8232ff5890332735b3.bin
North Yorkshire Council,BRISTOW & SUTOR,2026-06-26,2026-06,-4329.97,201600 Financial Services > Debt Collection & Recovery,Resources Directorate and Central Services - Revenue,e5e140c591fd8c09c35f0b8232ff5890332735b3.bin
North Yorkshire Council,EQUITA LIMITED,2024-03-28,2024-03,3370.0,351200 Street & Traffic Management > Parking > Fines Collection,District & Borough Services - Revenue,11b6c77b50cb705de24bf98970e11851e7fd1d8c.bin
North Yorkshire Council,EQUITA LIMITED,2024-03-28,2024-03,-3370.0,351200 Street & Traffic Management > Parking > Fines Collection,District & Borough Services - Revenue,11b6c77b50cb705de24bf98970e11851e7fd1d8c.bin
North Yorkshire Council,EQUITA LIMITED,2025-10-29,2025-10,7678.42,351200 Street & Traffic Management > Parking > Fines Collection,Environmental Services - Revenue,1759cfb1830f033e71d54fb2d3596523cfd9a011.bin
North Yorkshire Council,EQUITA LIMITED,2025-10-29,2025-10,-7678.42,351200 Street & Traffic Management > Parking > Fines Collection,Environmental Services - Revenue,1759cfb1830f033e71d54fb2d3596523cfd9a011.bin
North Yorkshire Council,EQUITA LIMITED,2025-12-01,2025-12,7944.51,351200 Street & Traffic Management > Parking > Fines Collection,Environmental Services - Revenue,1759cfb1830f033e71d54fb2d3596523cfd9a011.bin
North Yorkshire Council,EQUITA LIMITED,2025-12-01,2025-12,-7944.51,351200 Street & Traffic Management > Parking > Fines Collection,Environmental Services - Revenue,1759cfb1830f033e71d54fb2d3596523cfd9a011.bin
North Yorkshire Council,EQUITA LIMITED,2026-04-27,2026-04,7451.2,351200 Street & Traffic Management > Parking > Fines Collection,Environmental Services - Revenue,e5e140c591fd8c09c35f0b8232ff5890332735b3.bin
North Yorkshire Council,EQUITA LIMITED,2026-04-27,2026-04,-7451.2,351200 Street & Traffic Management > Parking > Fines Collection,Environmental Services - Revenue,e5e140c591fd8c09c35f0b8232ff5890332735b3.bin
North Yorkshire Council,EQUITA LIMITED,2026-06-08,2026-06,9350.75,351200 Street & Traffic Management > Parking > Fines Collection,Environmental Services - Revenue,e5e140c591fd8c09c35f0b8232ff5890332735b3.bin
North Yorkshire Council,EQUITA LIMITED,2026-06-08,2026-06,-9350.75,351200 Street & Traffic Management > Parking > Fines Collection,Environmental Services - Revenue,e5e140c591fd8c09c35f0b8232ff5890332735b3.bin
North Yorkshire Council,EQUITA LIMITED,2026-06-25,2026-06,7403.43,351200 Street & Traffic Management > Parking > Fines Collection,Environmental Services - Revenue,e5e140c591fd8c09c35f0b8232ff5890332735b3.bin
North Yorkshire Council,EQUITA LIMITED,2026-06-25,2026-06,-7403.43,351200 Street & Traffic Management > Parking > Fines Collection,Environmental Services - Revenue,e5e140c591fd8c09c35f0b8232ff5890332735b3.bin
North Yorkshire Council,JACOBS DEBT RECOVERY,2025-11-11,2025-11,2730.0,201600 Financial Services > Debt Collection & Recovery,Environmental Services - Revenue,1759cfb1830f033e71d54fb2d3596523cfd9a011.bin
North Yorkshire Council,JACOBS DEBT RECOVERY,2025-11-11,2025-11,-2730.0,201600 Financial Services > Debt Collection & Recovery,Environmental Services - Revenue,1759cfb1830f033e71d54fb2d3596523cfd9a011.bin
North Yorkshire Council,JACOBS DEBT RECOVERY,2026-04-09,2026-04,4465.0,201600 Financial Services > Debt Collection & Recovery,Environmental Services - Revenue,e5e140c591fd8c09c35f0b8232ff5890332735b3.bin
North Yorkshire Council,JACOBS DEBT RECOVERY,2026-04-09,2026-04,-4465.0,201600 Financial Services > Debt Collection & Recovery,Environmental Services - Revenue,e5e140c591fd8c09c35f0b8232ff5890332735b3.bin
North Yorkshire Council,JACOBS DEBT RECOVERY,2026-05-14,2026-05,2610.0,201600 Financial Services > Debt Collection & Recovery,Environmental Services - Revenue,e5e140c591fd8c09c35f0b8232ff5890332735b3.bin
North Yorkshire Council,JACOBS DEBT RECOVERY,2026-05-14,2026-05,-2610.0,201600 Financial Services > Debt Collection & Recovery,Environmental Services - Revenue,e5e140c591fd8c09c35f0b8232ff5890332735b3.bin
North Yorkshire Council,JACOBS DEBT RECOVERY,2026-05-20,2026-05,2680.59,201600 Financial Services > Debt Collection & Recovery,Resources Directorate and Central Services - Revenue,e5e140c591fd8c09c35f0b8232ff5890332735b3.bin
North Yorkshire Council,JACOBS DEBT RECOVERY,2026-05-20,2026-05,-2680.59,201600 Financial Services > Debt Collection & Recovery,Resources Directorate and Central Services - Revenue,e5e140c591fd8c09c35f0b8232ff5890332735b3.bin
North Yorkshire Council,JACOBS DEBT RECOVERY,2026-06-12,2026-06,6573.0,201600 Financial Services > Debt Collection & Recovery,Environmental Services - Revenue,e5e140c591fd8c09c35f0b8232ff5890332735b3.bin
North Yorkshire Council,JACOBS DEBT RECOVERY,2026-06-12,2026-06,-6573.0,201600 Financial Services > Debt Collection & Recovery,Environmental Services - Revenue,e5e140c591fd8c09c35f0b8232ff5890332735b3.bin
North Yorkshire Council,MARSTON GROUP LTD,2025-11-11,2025-11,27991.75,201600 Financial Services > Debt Collection & Recovery,Environmental Services - Revenue,1759cfb1830f033e71d54fb2d3596523cfd9a011.bin
North Yorkshire Council,MARSTON GROUP LTD,2025-11-11,2025-11,-27991.75,201600 Financial Services > Debt Collection & Recovery,Environmental Services - Revenue,1759cfb1830f033e71d54fb2d3596523cfd9a011.bin
North Yorkshire Council,MARSTON GROUP LTD,2026-04-02,2026-04,18882.46,201600 Financial Services > Debt Collection & Recovery,Environmental Services - Revenue,e5e140c591fd8c09c35f0b8232ff5890332735b3.bin
North Yorkshire Council,MARSTON GROUP LTD,2026-04-02,2026-04,-18882.46,201600 Financial Services > Debt Collection & Recovery,Environmental Services - Revenue,e5e140c591fd8c09c35f0b8232ff5890332735b3.bin
North Yorkshire Council,MARSTON GROUP LTD,2026-04-08,2026-04,31727.12,201600 Financial Services > Debt Collection & Recovery,Environmental Services - Revenue,e5e140c591fd8c09c35f0b8232ff5890332735b3.bin
North Yorkshire Council,MARSTON GROUP LTD,2026-04-08,2026-04,-31727.12,201600 Financial Services > Debt Collection & Recovery,Environmental Services - Revenue,e5e140c591fd8c09c35f0b8232ff5890332735b3.bin
North Yorkshire Council,MARSTON GROUP LTD,2026-05-12,2026-05,26290.85,201600 Financial Services > Debt Collection & Recovery,Environmental Services - Revenue,e5e140c591fd8c09c35f0b8232ff5890332735b3.bin
North Yorkshire Council,MARSTON GROUP LTD,2026-05-12,2026-05,-26290.85,201600 Financial Services > Debt Collection & Recovery,Environmental Services - Revenue,e5e140c591fd8c09c35f0b8232ff5890332735b3.bin
North Yorkshire Council,MARSTON GROUP LTD,2026-06-18,2026-06,16549.69,201600 Financial Services > Debt Collection & Recovery,Environmental Services - Revenue,e5e140c591fd8c09c35f0b8232ff5890332735b3.bin
North Yorkshire Council,MARSTON GROUP LTD,2026-06-18,2026-06,-16549.69,201600 Financial Services > Debt Collection & Recovery,Environmental Services - Revenue,e5e140c591fd8c09c35f0b8232ff5890332735b3.bin
