company,year_month,gbp
Amey,2010-05,2815.54
Amey,2010-06,2815.54
Amey,2010-07,2815.54
Amey,2010-08,30204.23
Amey,2010-09,83685.22
Amey,2010-10,29665.2
Amey,2010-11,3847808.55
Amey,2010-12,4189165.26
Amey,2011-01,3792878.6
Amey,2011-02,7537066.0
Amey,2011-03,686127.33
Amey,2011-04,651791.9
Amey,2011-05,5020056.87
Amey,2011-06,3302010.82
Amey,2011-07,2601816.47
Amey,2011-08,4942079.5
Amey,2011-09,3093125.1
Amey,2011-10,2829637.69
Amey,2011-11,2425375.76
Amey,2011-12,4323896.31
Amey,2012-01,2453210.15
Amey,2012-02,1641756.79
Amey,2012-03,3221255.77
Amey,2012-04,8153612.84
Amey,2012-05,2392086.47
Amey,2012-06,5003331.07
Amey,2012-07,4036450.99
Amey,2012-08,7573465.16
Amey,2012-09,2115376.66
Amey,2012-10,4482311.2
Amey,2012-11,2729321.77
Amey,2012-12,4186598.94
Amey,2013-01,53372.8
Amey,2013-02,559177.2
Amey,2013-03,8295658.28
Amey,2013-04,3514947.47
Amey,2013-05,4079649.67
Amey,2013-06,3117563.96
Amey,2013-07,5643296.22
Amey,2013-08,1019209.92
Amey,2013-09,9348592.01
Amey,2013-10,1949172.87
Amey,2013-11,1174604.14
Amey,2013-12,8636821.82
Amey,2014-01,3943132.59
Amey,2014-02,3925523.78
Amey,2014-03,7114876.29
Amey,2014-04,4265070.21
Amey,2014-05,2725640.07
Amey,2014-06,4412859.4
Amey,2014-07,8017156.11
Amey,2014-08,2659690.26
Amey,2014-09,6167145.71
Amey,2014-10,4026554.03
Amey,2014-11,2125099.8
Amey,2014-12,7657669.92
Amey,2015-01,3230543.66
Amey,2015-02,1672515.48
Amey,2015-03,8297906.55
Amey,2015-04,2286034.66
Amey,2015-05,2793384.79
Amey,2015-06,1543375.47
Amey,2015-07,2658090.26
Amey,2015-08,3190303.47
Amey,2015-09,3963704.74
Amey,2015-10,3407772.53
Amey,2015-11,209231.92
Amey,2015-12,8112919.47
Amey,2016-01,1368438.7
Amey,2016-02,211016.05
Amey,2016-03,631237.39
Amey,2016-04,299629.32
Amey,2016-05,163201.71
Amey,2016-06,402037.46
Amey,2016-07,166849.86
Amey,2016-08,203990.86
Amey,2016-09,856298.99
Amey,2016-10,166507.86
Amey,2016-11,163668.03
Amey,2016-12,235081.19
Amey,2017-01,314426.54
Amey,2017-02,14396.54
Amey,2017-03,947657.55
Amey,2017-04,429290.87
Amey,2017-05,478712.66
Amey,2017-06,1740906.47
Amey,2017-07,99068.52
Amey,2017-08,339144.07
Amey,2017-09,322797.57
Amey,2017-10,153192.72
Amey,2017-11,258718.31
Amey,2017-12,201207.62
Amey,2018-01,32118.75
Amey,2018-02,351097.96
Amey,2018-03,308660.49
Amey,2018-04,59364.6
Amey,2018-05,217822.76
Amey,2018-06,330385.58
Amey,2018-07,50188.67
Amey,2018-08,320930.57
Amey,2018-09,171571.12
Amey,2018-10,53222177.49
Amey,2018-11,34599553.64
Amey,2018-12,29536227.91
Amey,2019-01,37537638.24
Amey,2019-02,27905418.14
Amey,2019-03,58250304.27
Amey,2019-05,45186366.79
Amey,2019-06,45602057.08
Amey,2019-07,54357475.82
Amey,2019-08,39838724.2
Amey,2020-01,534648.37
Amey,2020-02,649.99
Amey,2020-03,67833870.75
Amey,2020-04,12514.24
Amey,2020-05,7338.33
Amey,2020-06,1909.47
Amey,2020-07,3593.89
Amey,2020-08,28300.95
Amey,2020-10,10824.47
Amey,2020-11,72853.79
Amey,2020-12,22630.42
Amey,2021-01,8127.99
Amey,2021-03,2100.13
Amey,2021-04,2081.49
Amey,2021-05,72214.87
Amey,2021-06,5504.87
Amey,2021-07,33022.53
Amey,2021-08,74548.38
Amey,2021-09,22276.52
Amey,2021-10,18115.56
Amey,2021-11,100646.79
Amey,2021-12,105012.55
Amey,2022-01,2004499.66
Amey,2022-03,419752.21
Amey,2022-04,109394.97
Amey,2022-05,432816.75
Amey,2022-07,482373.57
Amey,2022-08,239456.45
Amey,2022-09,394803.41
Amey,2022-10,1185424.91
Amey,2022-11,102773.3
Amey,2022-12,672040.89
Amey,2023-01,298283.26
Amey,2023-02,156996.02
Amey,2023-03,1233751.62
Amey,2023-04,2030148.49
Amey,2023-05,691821.64
Amey,2023-06,669537.84
Amey,2023-07,354717.0
Amey,2023-08,538786.0
Amey,2023-09,806524.23
Amey,2023-10,1409670.91
Amey,2023-11,1217934.99
Amey,2023-12,1299859.76
Amey,2024-01,1659392.57
Amey,2024-02,464607.55
Amey,2024-03,1016952.69
Amey,2024-04,1921322.53
Amey,2024-05,426037.13
Amey,2024-06,44918.0
Amey,2024-07,34418.81
Amey,2024-08,457142.09
Amey,2024-09,359366.0
Amey,2024-10,474807.04
Amey,2024-11,577234.89
Amey,2024-12,405291.68
Amey,2025-01,885104.63
Amey,2025-02,414293.97
Amey,2025-03,603872.45
Amey,2025-04,1068606.39
Amey,2025-05,710775.44
Amey,2025-06,2323161.77
Amey,2025-07,1567779.63
Amey,2025-08,1057614.93
Amey,2025-09,1808588.86
Amey,2025-10,560859.58
Amey,2025-11,181958.64
Amey,2025-12,423588.57
Amey,2026-01,74412.82
Amey,2026-02,62067.02
Amey,2026-03,475086.07
Amey,2026-04,212419.69
Amey,2026-05,188411.12
Amey,2026-06,607944.82
Carillion,,569799.08
Carillion,2008-12,164904.72
Carillion,2009-01,243423.05
Carillion,2009-09,377545.82
Carillion,2010-04,1029105.08
Carillion,2010-05,1607552.82
Carillion,2010-06,2114157.58
Carillion,2010-07,1629834.61
Carillion,2010-08,1937758.18
Carillion,2010-09,1995392.65
Carillion,2010-10,1335038.0
Carillion,2010-11,1757631.36
Carillion,2010-12,812184.89
Carillion,2011-01,52045.46
Carillion,2011-02,991545.63
Carillion,2011-03,1213067.09
Carillion,2011-04,2422286.91
Carillion,2011-05,819549.4
Carillion,2011-06,602582.55
Carillion,2011-07,634794.96
Carillion,2011-08,2879612.81
Carillion,2011-09,802300.37
Carillion,2011-10,1088331.94
Carillion,2011-11,1607862.39
Carillion,2011-12,978600.87
Carillion,2012-01,556561.16
Carillion,2012-02,4199690.18
Carillion,2012-03,3756534.98
Carillion,2012-04,2068505.85
Carillion,2012-05,1845687.5
Carillion,2012-06,2754697.9
Carillion,2012-07,2076863.17
Carillion,2012-08,1617557.49
Carillion,2012-09,1767569.86
Carillion,2012-10,1440804.44
Carillion,2012-11,3418916.27
Carillion,2012-12,130881.49
Carillion,2013-01,1245924.93
Carillion,2013-02,2467475.7
Carillion,2013-03,1972383.21
Carillion,2013-04,2844203.1
Carillion,2013-05,2095330.1
Carillion,2013-06,2762862.07
Carillion,2013-07,117959.92
Carillion,2013-08,4323332.4
Carillion,2013-09,1897477.49
Carillion,2013-10,1572466.25
Carillion,2013-11,2155715.27
Carillion,2013-12,2791129.58
Carillion,2014-01,1002475.42
Carillion,2014-02,1037120.05
Carillion,2014-03,1366950.8
Carillion,2014-04,1912512.27
Carillion,2014-05,4506015.47
Carillion,2014-06,1204197.31
Carillion,2014-07,200482.7
Carillion,2014-08,4012770.5
Carillion,2014-09,3704372.77
Carillion,2014-10,4944887.49
Carillion,2014-11,9126044.59
Carillion,2014-12,10413271.84
Carillion,2015-01,6085403.08
Carillion,2015-02,13945092.95
Carillion,2015-03,11518111.31
Carillion,2015-04,6787108.38
Carillion,2015-05,13292473.51
Carillion,2015-06,8074128.26
Carillion,2015-07,9369510.28
Carillion,2015-08,9602381.73
Carillion,2015-09,2773246.52
Carillion,2015-10,14992554.42
Carillion,2015-11,439383.96
Carillion,2015-12,22251754.17
Carillion,2016-01,770379.53
Carillion,2016-02,4900077.07
Carillion,2016-03,12175172.59
Carillion,2016-04,2747116.93
Carillion,2016-05,2088678.12
Carillion,2016-06,12306509.01
Carillion,2016-07,1111573.89
Carillion,2016-08,800.0
Carillion,2016-09,52997.61
Carillion,2016-10,29727.82
Carillion,2016-11,1491.45
Carillion,2016-12,4494224.63
Carillion,2017-01,103995.96
Carillion,2017-02,1133505.48
Carillion,2017-03,4488031.02
Carillion,2017-04,2113188.77
Carillion,2017-05,5446694.38
Carillion,2017-06,7291369.31
Carillion,2017-07,2809374.64
Carillion,2017-08,8931832.64
Carillion,2017-09,3185057.81
Carillion,2017-10,2123063.83
Carillion,2017-11,3777692.5
Carillion,2017-12,4059152.41
Carillion,2018-01,958347.84
Carillion,2018-02,1533579.09
Carillion,2018-03,1546.0
Carillion,2018-06,217877.66
Carillion,2018-09,251889.14
Carillion,2018-12,437158.28
Carillion,2019-01,427925.65
Carillion,2021-03,-509977.98
CarillionAmey (JV),2014-06,5700649.78
CarillionAmey (JV),2014-07,29616932.96
CarillionAmey (JV),2014-08,24575561.94
CarillionAmey (JV),2014-09,27305460.3
CarillionAmey (JV),2014-10,28216127.14
CarillionAmey (JV),2014-11,25821851.59
CarillionAmey (JV),2014-12,40848599.15
CarillionAmey (JV),2015-01,12027834.27
CarillionAmey (JV),2015-02,20793295.34
CarillionAmey (JV),2015-03,21103926.03
CarillionAmey (JV),2015-04,24538713.25
CarillionAmey (JV),2015-05,21818235.89
CarillionAmey (JV),2015-06,26687087.99
CarillionAmey (JV),2015-07,17777545.69
CarillionAmey (JV),2015-08,16444241.96
CarillionAmey (JV),2015-09,13716716.6
CarillionAmey (JV),2015-10,26692023.74
CarillionAmey (JV),2015-12,33565470.06
CarillionAmey (JV),2016-01,18125356.96
CarillionAmey (JV),2016-02,23273909.0
CarillionAmey (JV),2016-03,30912340.48
CarillionAmey (JV),2016-04,50235057.06
CarillionAmey (JV),2016-05,26083937.7
CarillionAmey (JV),2016-06,37529410.89
CarillionAmey (JV),2016-07,33132524.59
CarillionAmey (JV),2017-05,46562345.45
CarillionAmey (JV),2017-06,36594979.01
CarillionAmey (JV),2017-07,31149730.45
CarillionAmey (JV),2017-08,43692482.02
CarillionAmey (JV),2017-09,39931335.24
CarillionAmey (JV),2017-10,32745817.84
CarillionAmey (JV),2017-11,34479718.85
CarillionAmey (JV),2017-12,46769739.58
CarillionAmey (JV),2018-01,34606463.52
CarillionAmey (JV),2018-02,25828112.81
CarillionAmey (JV),2018-04,27674849.21
CarillionAmey (JV),2018-05,53982646.63
CarillionAmey (JV),2018-06,27809158.95
CarillionAmey (JV),2018-07,37904068.68
CarillionAmey (JV),2018-08,22401378.57
CarillionAmey (JV),2018-09,23319475.13
CarillionAmey (JV),2018-10,10690348.73
CarillionEnterprise (JV),2010-04,3675481.19
CarillionEnterprise (JV),2010-05,7240542.57
CarillionEnterprise (JV),2010-06,8748234.42
CarillionEnterprise (JV),2010-07,11061368.7
CarillionEnterprise (JV),2010-08,4096785.26
CarillionEnterprise (JV),2010-09,6662445.67
CarillionEnterprise (JV),2010-10,24889.55
CarillionEnterprise (JV),2010-11,71796.74
CarillionEnterprise (JV),2011-01,7876189.84
CarillionEnterprise (JV),2011-02,5647519.69
CarillionEnterprise (JV),2011-03,15506544.49
CarillionEnterprise (JV),2011-04,16127482.38
CarillionEnterprise (JV),2011-05,8796115.51
CarillionEnterprise (JV),2011-06,12235711.37
CarillionEnterprise (JV),2011-07,3303626.51
CarillionEnterprise (JV),2011-08,5669153.42
CarillionEnterprise (JV),2011-09,9308107.35
CarillionEnterprise (JV),2011-10,9219676.0
CarillionEnterprise (JV),2011-11,10612730.54
CarillionEnterprise (JV),2011-12,8571781.24
CarillionEnterprise (JV),2012-01,14675473.91
CarillionEnterprise (JV),2012-02,9552886.63
CarillionEnterprise (JV),2012-03,12748828.37
CarillionEnterprise (JV),2012-04,13373119.11
CarillionEnterprise (JV),2012-05,17955123.88
CarillionEnterprise (JV),2012-06,4636357.79
CarillionEnterprise (JV),2012-07,10251980.6
CarillionEnterprise (JV),2012-08,5364847.66
CarillionEnterprise (JV),2012-09,4823433.48
CarillionEnterprise (JV),2012-10,11754271.23
CarillionEnterprise (JV),2012-11,10532442.51
CarillionEnterprise (JV),2013-01,14322988.8
CarillionEnterprise (JV),2013-02,11616045.04
CarillionEnterprise (JV),2013-03,12496253.25
CarillionEnterprise (JV),2013-04,30422197.4
CarillionEnterprise (JV),2013-05,11618617.67
CarillionEnterprise (JV),2013-06,15032773.08
CarillionEnterprise (JV),2013-07,6348813.04
CarillionEnterprise (JV),2013-08,9766329.0
CarillionEnterprise (JV),2013-09,3026296.18
CarillionEnterprise (JV),2013-10,12004175.67
CarillionEnterprise (JV),2013-11,6109769.87
CarillionEnterprise (JV),2013-12,13474372.36
CarillionEnterprise (JV),2014-01,12998950.01
CarillionEnterprise (JV),2014-02,23150935.93
CarillionEnterprise (JV),2014-03,11535535.22
CarillionEnterprise (JV),2014-04,21893953.22
CarillionEnterprise (JV),2014-05,8865406.06
CarillionEnterprise (JV),2014-06,4095667.47
Interserve,,1380526.14
Interserve,2010-04,6140217.72
Interserve,2010-05,12752027.96
Interserve,2010-06,13635857.43
Interserve,2010-07,12587758.8
Interserve,2010-08,8478712.29
Interserve,2010-09,14089584.86
Interserve,2010-10,6723642.13
Interserve,2010-11,22037069.26
Interserve,2010-12,9671547.39
Interserve,2011-01,6146098.31
Interserve,2011-02,19734255.72
Interserve,2011-03,15859531.84
Interserve,2011-04,9018796.85
Interserve,2011-05,15706072.01
Interserve,2011-06,13644258.54
Interserve,2011-07,9580044.36
Interserve,2011-08,11063885.03
Interserve,2011-09,15471391.43
Interserve,2011-10,7854772.73
Interserve,2011-11,11647898.9
Interserve,2011-12,10885897.16
Interserve,2012-01,15207874.21
Interserve,2012-02,11260470.5
Interserve,2012-03,16323516.76
Interserve,2012-04,23966523.61
Interserve,2012-05,13412866.0
Interserve,2012-06,13267010.14
Interserve,2012-07,18115522.35
Interserve,2012-08,20575077.16
Interserve,2012-09,13047404.61
Interserve,2012-10,15208948.24
Interserve,2012-11,14667538.52
Interserve,2012-12,6955360.23
Interserve,2013-01,4668900.9
Interserve,2013-02,14141075.75
Interserve,2013-03,19386857.48
Interserve,2013-04,17412122.91
Interserve,2013-05,15775870.9
Interserve,2013-06,14258908.16
Interserve,2013-07,15018582.92
Interserve,2013-08,18146689.95
Interserve,2013-09,11146248.57
Interserve,2013-10,19888792.28
Interserve,2013-11,14449288.59
Interserve,2013-12,19638122.94
Interserve,2014-01,16018522.53
Interserve,2014-02,14416854.47
Interserve,2014-03,23696767.63
Interserve,2014-04,22269324.36
Interserve,2014-05,17083464.7
Interserve,2014-06,24984720.5
Interserve,2014-07,13290796.66
Interserve,2014-08,19105864.14
Interserve,2014-09,17750019.7
Interserve,2014-10,18447811.63
Interserve,2014-11,11353314.87
Interserve,2014-12,18953809.9
Interserve,2015-01,14927119.2
Interserve,2015-02,16879560.65
Interserve,2015-03,26088102.52
Interserve,2015-04,26938221.38
Interserve,2015-05,13046025.37
Interserve,2015-06,19236008.33
Interserve,2015-07,16187845.34
Interserve,2015-08,22078733.43
Interserve,2015-09,15982946.6
Interserve,2015-10,18271807.17
Interserve,2015-11,2416335.9
Interserve,2015-12,24022131.18
Interserve,2016-01,11330342.75
Interserve,2016-02,10879522.86
Interserve,2016-03,23262946.8
Interserve,2016-04,14962283.65
Interserve,2016-05,15921645.55
Interserve,2016-06,17418412.11
Interserve,2016-07,6402249.1
Interserve,2016-08,3314177.16
Interserve,2016-09,1514849.4
Interserve,2016-10,2805849.97
Interserve,2016-11,3167596.45
Interserve,2016-12,5365205.12
Interserve,2017-01,2412324.99
Interserve,2017-02,5523873.01
Interserve,2017-03,6039288.62
Interserve,2017-04,7802272.03
Interserve,2017-05,12434217.14
Interserve,2017-06,38843256.42
Interserve,2017-07,17203365.1
Interserve,2017-08,14846125.42
Interserve,2017-09,9751756.31
Interserve,2017-10,15104476.74
Interserve,2017-11,14587495.47
Interserve,2017-12,18681436.23
Interserve,2018-01,11953045.95
Interserve,2018-02,17919405.54
Interserve,2018-03,2843709.33
Interserve,2018-04,9396724.51
Interserve,2018-05,18043357.25
Interserve,2018-06,20372082.93
Interserve,2018-07,14105338.43
Interserve,2018-08,16146977.29
Interserve,2018-09,11300033.36
Interserve,2018-10,14469041.45
Interserve,2018-11,15930486.39
Interserve,2018-12,29721547.4
Interserve,2019-01,7172942.49
Interserve,2019-02,15190283.34
Interserve,2019-03,10413185.77
Interserve,2019-04,10249554.28
Interserve,2019-05,11248600.95
Interserve,2019-06,12143949.81
Interserve,2019-07,21962661.87
Interserve,2019-08,18589242.6
Interserve,2019-09,8617975.35
Interserve,2019-10,1681085.4
Interserve,2019-11,11106217.32
Interserve,2019-12,17210646.36
Interserve,2020-01,1864611.64
Interserve,2020-02,9842341.8
Interserve,2020-03,23422951.62
Interserve,2020-04,9180103.77
Interserve,2020-05,9575813.11
Interserve,2020-06,9277000.27
Interserve,2020-07,12201277.38
Interserve,2020-08,14675031.45
Interserve,2020-09,12703776.69
Interserve,2020-10,17721121.71
Interserve,2020-11,4829690.78
Interserve,2020-12,17109856.1
Interserve,2021-01,15407017.96
Interserve,2021-02,15289133.49
Interserve,2021-03,17155261.72
Interserve,2021-04,4684232.41
Interserve,2021-05,4401135.66
Interserve,2021-06,1193676.31
Interserve,2021-07,2884927.66
Interserve,2021-08,3292243.95
Interserve,2021-09,3006102.1
Interserve,2021-10,3778141.77
Interserve,2021-11,3830642.99
Interserve,2021-12,3535534.04
Interserve,2022-01,3252462.45
Interserve,2022-02,3299314.81
Interserve,2022-03,3401116.84
Interserve,2022-04,2507008.5
Interserve,2022-05,2688756.73
Interserve,2022-06,1776981.87
Interserve,2022-09,742.15
Interserve,2022-11,14075.34
Interserve,2023-01,5178.6
Interserve,2023-02,6076.32
Interserve,2023-03,15382.92
Interserve,2023-04,4996.02
Interserve,2023-05,11949.12
Interserve,2023-06,5637.84
Interserve,2023-08,2656.56
Interserve,2023-09,15240.48
Interserve,2023-11,13667.22
Interserve,2023-12,9920.16
Interserve,2024-01,11139.78
Interserve,2024-02,12263.04
Interserve,2024-03,5387.4
