authority,ons_code,cls,population_mid2024,imd_avg_score,csc_net_per_head_real2425,csc_gross_per_head,csc_income_share_of_gross,asc_net_per_head_real2425,asc_gross_per_head,asc_income_share_of_gross,lib_net_per_head_real2425,lib_gross_per_head,lib_income_share_of_gross,lib_net_negative
Barking & Dagenham,E09000002,LB,234866.0,32.77,342.88,383.6,0.106,342.35,515.82,0.336,3.35,4.04,0.173,False
Barnet,E09000003,LB,406198.0,16.15,247.79,263.75,0.061,423.79,528.41,0.198,13.54,13.42,-0.009,False
Bexley,E09000004,LB,256288.0,16.27,248.19,253.44,0.021,330.11,489.95,0.326,10.91,11.97,0.088,False
Brent,E09000005,LB,355398.0,25.56,248.75,268.94,0.075,376.76,495.04,0.239,10.14,10.8,0.061,False
Bromley,E09000006,LB,334641.0,14.16,256.94,275.22,0.066,366.45,524.34,0.301,17.82,17.99,0.009,False
Camden,E09000007,LB,220558.0,20.13,418.06,456.81,0.085,581.27,827.88,0.298,31.13,43.06,0.277,False
Croydon,E09000008,LB,408636.0,22.48,340.67,372.43,0.085,421.78,562.72,0.25,8.36,8.58,0.025,False
Ealing,E09000009,LB,387680.0,22.71,233.7,275.9,0.153,314.09,463.86,0.323,8.87,9.66,0.082,False
Enfield,E09000010,LB,331421.0,25.78,253.94,265.98,0.045,390.1,571.34,0.317,6.03,11.3,0.467,False
Greenwich,E09000011,LB,301259.0,24.46,326.94,377.8,0.135,421.94,599.37,0.296,17.24,18.67,0.076,False
Hackney,E09000012,LB,268651.0,32.53,361.15,379.42,0.048,528.83,685.66,0.229,25.65,26.43,0.03,False
Hammersmith & Fulham,E09000013,LB,190803.0,22.27,309.99,354.19,0.125,508.6,650.48,0.218,16.45,18.49,0.11,False
Haringey,E09000014,LB,268524.0,27.96,307.07,348.3,0.118,488.95,633.61,0.228,17.39,18.42,0.056,False
Harrow,E09000015,LB,270987.0,15.03,182.91,187.94,0.027,370.13,500.45,0.26,10.35,10.99,0.058,False
Havering,E09000016,LB,277042.0,16.79,254.36,279.03,0.088,376.61,463.43,0.187,9.79,11.45,0.145,False
Hillingdon,E09000017,LB,327886.0,18.22,221.73,236.3,0.062,325.46,457.61,0.289,14.91,15.56,0.042,False
Hounslow,E09000018,LB,300047.0,21.49,255.03,267.35,0.046,369.91,510.82,0.276,12.38,13.7,0.096,False
Islington,E09000019,LB,226183.0,27.54,419.83,513.72,0.183,507.92,751.77,0.324,21.79,25.56,0.147,False
Kensington & Chelsea,E09000020,LB,147255.0,21.53,341.27,410.42,0.169,483.07,693.86,0.304,43.84,46.21,0.051,False
Kingston Upon Thames,E09000021,LB,172964.0,11.38,250.58,250.58,0.0,376.25,499.16,0.246,14.42,15.19,0.05,False
Lambeth,E09000022,LB,318864.0,25.42,383.88,393.25,0.024,456.42,655.79,0.304,13.49,14.58,0.075,False
Lewisham,E09000023,LB,302432.0,26.66,399.48,413.0,0.033,397.24,582.36,0.318,14.19,15.52,0.086,False
Merton,E09000024,LB,220020.0,14.65,232.95,235.62,0.011,341.83,472.13,0.276,15.9,18.73,0.151,False
Newham,E09000025,LB,379479.0,29.58,299.8,321.73,0.068,376.85,499.77,0.246,15.81,17.38,0.09,False
Redbridge,E09000026,LB,323006.0,17.2,223.1,227.09,0.018,330.13,442.32,0.254,10.15,10.15,0.0,False
Richmond upon Thames,E09000027,LB,196975.0,9.42,263.41,270.57,0.026,455.2,608.78,0.252,23.94,24.91,0.039,False
Southwark,E09000028,LB,317058.0,25.81,330.1,375.45,0.121,364.67,533.55,0.317,27.94,29.27,0.045,False
Sutton,E09000029,LB,213672.0,13.99,289.37,314.58,0.08,410.35,650.56,0.369,10.71,11.75,0.088,False
Tower Hamlets,E09000030,LB,336153.0,27.91,284.32,311.3,0.087,493.49,583.24,0.154,22.3,26.18,0.148,False
Waltham Forest,E09000031,LB,283782.0,25.21,257.75,267.16,0.035,393.09,510.36,0.23,13.2,15.63,0.155,False
Wandsworth,E09000032,LB,339727.0,16.61,206.03,218.15,0.056,387.87,502.35,0.228,14.89,15.16,0.017,False
Westminster,E09000033,LB,215694.0,20.34,256.94,305.63,0.159,488.75,708.4,0.31,36.16,39.38,0.082,False
Barnsley,E08000016,MD,251325.0,29.93,326.96,344.82,0.052,352.51,516.09,0.317,15.02,15.17,0.01,False
Birmingham,E08000025,MD,1182920.0,38.07,279.14,287.15,0.028,405.16,514.53,0.213,14.56,16.12,0.097,False
Bolton,E08000001,MD,308904.0,30.69,299.45,322.5,0.071,402.71,605.56,0.335,12.42,14.33,0.133,False
Bradford,E08000032,MD,559818.0,34.67,455.87,468.38,0.027,374.45,500.09,0.251,8.47,8.63,0.018,False
Bury MBC,E08000002,MD,198136.0,23.68,288.83,300.62,0.039,462.24,721.13,0.359,7.49,8.39,0.107,False
Calderdale,E08000033,MD,209828.0,26.35,316.7,331.32,0.044,438.19,652.45,0.328,19.49,20.34,0.042,False
Coventry,E08000026,MD,368707.0,25.61,332.87,364.23,0.086,402.8,513.75,0.216,10.3,10.81,0.047,False
Doncaster,E08000017,MD,320248.0,30.29,307.44,328.4,0.064,443.86,614.51,0.278,10.95,12.57,0.129,False
Dudley,E08000027,MD,331239.0,24.1,257.2,280.13,0.082,419.18,604.76,0.307,11.95,12.06,0.01,False
Gateshead,E08000037,MD,201422.0,28.22,342.87,375.73,0.087,523.04,835.17,0.374,9.93,15.31,0.351,False
Kirklees,E08000034,MD,445780.0,25.15,217.62,232.19,0.063,416.53,633.48,0.342,12.32,12.87,0.043,False
Knowsley,E08000011,MD,161714.0,43.01,373.94,415.84,0.101,612.64,835.56,0.267,10.52,11.16,0.057,False
Leeds,E08000035,MD,842884.0,27.3,304.5,362.19,0.159,382.89,519.5,0.263,11.96,16.85,0.29,False
Liverpool,E08000012,MD,508202.0,42.41,386.31,447.45,0.137,553.35,777.57,0.288,17.64,18.83,0.063,False
Manchester,E08000003,MD,588597.0,40.0,341.59,369.76,0.076,489.3,625.92,0.218,18.72,23.59,0.207,False
Newcastle,E08000021,MD,318852.0,29.79,272.56,310.51,0.122,504.78,818.86,0.384,21.34,23.69,0.099,False
North Tyneside,E08000022,MD,214110.0,22.28,291.67,352.6,0.173,409.78,723.53,0.434,23.74,26.4,0.101,False
Oldham,E08000004,MD,250725.0,33.15,343.66,375.48,0.085,417.72,633.67,0.341,18.72,21.0,0.108,False
Rochdale,E08000005,MD,234919.0,34.42,311.05,345.2,0.099,445.61,665.3,0.33,8.91,11.42,0.22,False
Rotherham,E08000018,MD,276332.0,29.55,327.62,340.84,0.039,491.22,605.43,0.189,12.9,13.45,0.041,False
Salford,E08000006,MD,293508.0,34.21,253.27,321.03,0.211,357.22,561.53,0.364,6.36,7.79,0.184,False
Sandwell,E08000028,MD,353270.0,34.88,303.84,397.23,0.235,406.8,641.5,0.366,7.11,8.71,0.184,False
Sefton,E08000014,MD,285298.0,27.04,374.32,394.35,0.051,463.18,713.7,0.351,7.41,7.93,0.065,False
Sheffield,E08000019,MD,580235.0,27.06,270.09,289.37,0.067,514.27,627.72,0.181,9.33,10.99,0.151,False
Solihull,E08000029,MD,220299.0,17.37,346.67,364.03,0.048,460.32,646.09,0.288,15.18,16.63,0.087,False
South Tyneside,E08000023,MD,150736.0,31.51,373.33,425.84,0.123,549.7,907.07,0.394,17.89,21.2,0.156,False
St Helens MBC,E08000013,MD,188397.0,31.52,388.65,408.16,0.048,470.12,685.24,0.314,10.97,13.84,0.207,False
Stockport MBC,E08000007,MD,302184.0,20.83,249.29,269.24,0.074,466.85,657.21,0.29,13.79,14.41,0.042,False
Sunderland,E08000024,MD,286696.0,30.59,311.61,319.68,0.025,491.47,684.26,0.282,4.24,4.28,0.009,False
Tameside,E08000008,MD,238895.0,31.37,452.65,462.18,0.021,411.47,614.75,0.331,9.11,9.37,0.028,False
Trafford,E08000009,MD,239618.0,16.09,233.36,263.99,0.116,415.75,586.15,0.291,10.86,22.13,0.509,False
Wakefield,E08000036,MD,366925.0,27.31,265.66,329.6,0.194,425.64,646.21,0.341,13.93,14.7,0.052,False
Walsall,E08000030,MD,294626.0,31.55,341.79,359.72,0.05,438.16,545.42,0.197,12.06,12.4,0.027,False
Wigan MBC,E08000010,MD,344245.0,25.71,282.86,313.09,0.097,401.45,597.11,0.328,8.34,8.57,0.026,False
Wirral,E08000015,MD,328209.0,29.59,322.6,337.26,0.043,496.87,706.55,0.297,14.08,14.9,0.055,False
Wolverhampton,E08000031,MD,280541.0,32.1,316.27,377.94,0.163,441.64,582.05,0.241,11.41,13.41,0.149,False
Cambridgeshire CC,E10000003,SC,713218.0,13.86,171.3,190.31,0.1,376.42,536.53,0.298,8.61,10.35,0.168,False
Derbyshire CC,E10000007,SC,820913.0,18.39,239.69,246.79,0.029,480.26,694.6,0.309,8.95,9.23,0.03,False
Devon CC,E10000008,SC,842043.0,16.61,249.28,277.75,0.102,465.95,618.17,0.246,8.01,8.87,0.097,False
East Sussex CC,E10000011,SC,560334.0,19.77,278.77,302.51,0.078,568.43,750.7,0.243,9.36,10.75,0.129,False
Essex CC,E10000012,SC,1558928.0,17.02,168.02,172.34,0.025,448.09,571.86,0.216,15.21,16.02,0.05,False
Gloucestershire CC,E10000013,SC,668109.0,14.93,264.02,271.99,0.029,374.53,578.81,0.353,12.23,13.12,0.068,False
Hampshire CC,E10000014,SC,1445170.0,12.69,217.66,254.04,0.143,424.78,543.0,0.218,8.56,11.05,0.225,False
Hertfordshire CC,E10000015,SC,1233983.0,12.73,200.07,213.39,0.062,441.44,550.65,0.198,14.55,15.37,0.053,False
Kent CC,E10000016,SC,1639077.0,19.54,216.87,231.35,0.063,439.93,560.12,0.215,12.04,13.11,0.082,False
Lancashire CC,E10000017,SC,1292439.0,23.44,225.53,230.73,0.023,452.25,641.64,0.295,12.71,13.4,0.052,False
Leicestershire CC,E10000018,SC,744477.0,12.33,188.23,195.12,0.035,328.38,479.88,0.316,6.37,7.16,0.11,False
Lincolnshire CC,E10000019,SC,790533.0,20.29,186.04,227.85,0.183,371.92,547.54,0.321,7.99,8.01,0.003,False
Norfolk CC,E10000020,SC,940468.0,21.18,237.75,261.86,0.092,492.49,750.51,0.344,10.34,11.48,0.099,False
Nottinghamshire CC,E10000024,SC,855350.0,19.0,250.96,267.59,0.062,452.78,666.28,0.32,15.64,15.71,0.005,False
Oxfordshire CC,E10000025,SC,765123.0,11.66,216.51,226.16,0.043,368.15,498.38,0.261,13.18,13.94,0.054,False
Staffordshire CC,E10000028,SC,906397.0,16.57,244.98,263.8,0.071,376.84,562.05,0.33,7.73,8.6,0.101,False
Suffolk CC,E10000029,SC,785501.0,18.46,185.68,195.16,0.049,462.7,636.94,0.274,10.34,10.38,0.004,False
Surrey CC,E10000030,SC,1247792.0,10.09,202.17,212.47,0.049,440.74,572.51,0.23,8.73,9.44,0.075,False
Warwickshire CC,E10000031,SC,633002.0,15.64,237.2,276.38,0.142,370.67,554.21,0.331,11.18,11.6,0.035,False
West Sussex CC,E10000032,SC,914100.0,14.43,240.14,247.42,0.029,397.06,594.01,0.332,10.53,11.77,0.105,False
Worcestershire CC,E10000034,SC,620714.0,18.09,229.94,234.59,0.02,377.2,539.64,0.301,13.33,19.31,0.31,False
Bath & North East Somerset,E06000022,UA,200539.0,11.75,236.51,272.13,0.131,392.96,528.53,0.257,14.12,16.08,0.122,False
Bedford,E06000055,UA,194881.0,18.93,272.42,279.5,0.025,447.5,634.98,0.295,8.85,11.32,0.218,False
Blackburn with Darwen,E06000008,UA,161618.0,36.01,336.27,372.02,0.096,449.7,687.89,0.346,11.68,12.52,0.068,False
Blackpool,E06000009,UA,143353.0,45.04,598.75,660.01,0.093,534.69,857.87,0.377,-1.42,16.76,1.085,True
"Bournemouth, Christchurch and Poole",E06000058,UA,408009.0,18.17,267.62,283.02,0.054,433.46,636.36,0.319,15.08,15.63,0.035,False
Bracknell Forest,E06000036,UA,130502.0,10.24,265.73,277.38,0.042,409.66,558.66,0.267,15.76,16.38,0.038,False
Brighton & Hove,E06000043,UA,285063.0,20.76,253.8,271.94,0.067,525.5,698.73,0.248,22.34,24.21,0.077,False
Bristol,E06000023,UA,494225.0,26.36,310.34,319.63,0.029,511.32,681.44,0.25,14.08,15.08,0.066,False
Buckinghamshire,E06000060,UA,578432.0,10.05,239.49,251.72,0.049,392.01,505.53,0.225,8.3,9.23,0.101,False
Central Bedfordshire,E06000056,UA,316062.0,12.15,214.87,222.42,0.034,392.45,508.27,0.228,9.82,10.13,0.03,False
Cheshire East,E06000049,UA,420472.0,14.48,214.34,221.38,0.032,444.83,577.75,0.23,11.84,12.79,0.074,False
Cheshire West and Chester,E06000050,UA,370951.0,18.08,255.94,266.55,0.04,506.06,653.21,0.225,15.19,17.23,0.118,False
Cornwall,E06000052,UA,582205.0,23.07,211.72,225.22,0.06,550.37,708.06,0.223,3.75,4.11,0.086,False
Darlington,E06000005,UA,112150.0,25.66,350.91,361.92,0.03,444.5,620.87,0.284,11.78,12.11,0.027,False
Derby City,E06000015,UA,273656.0,26.32,336.3,358.79,0.063,336.47,491.31,0.315,6.9,7.07,0.025,False
Dorset,E06000059,UA,389341.0,15.73,251.28,257.42,0.024,505.18,712.98,0.291,12.39,14.85,0.166,False
Durham,E06000047,UA,536793.0,26.79,291.56,359.93,0.19,373.7,630.05,0.407,11.92,13.02,0.085,False
East Riding of Yorkshire,E06000011,UA,355378.0,15.6,216.67,233.78,0.073,493.99,822.74,0.4,10.37,11.45,0.094,False
Halton,E06000006,UA,131247.0,32.32,481.93,504.13,0.044,563.49,960.79,0.414,13.27,13.99,0.051,False
Hartlepool,E06000001,UA,97868.0,35.04,502.7,544.7,0.077,478.59,757.77,0.368,11.17,12.71,0.121,False
Herefordshire,E06000019,UA,192067.0,18.89,355.79,366.37,0.029,491.19,666.27,0.263,7.49,7.82,0.043,False
Isle of Wight,E06000046,UA,141356.0,23.29,298.36,314.74,0.052,617.15,807.89,0.236,10.12,12.15,0.168,False
Kingston-upon-Hull,E06000010,UA,274727.0,40.56,369.82,383.32,0.035,451.24,673.21,0.33,22.03,22.47,0.02,False
Leicester City,E06000016,UA,386755.0,30.88,268.07,273.66,0.02,484.14,692.39,0.301,6.44,6.98,0.077,False
Luton,E06000032,UA,238047.0,25.91,295.21,311.18,0.051,366.98,495.7,0.26,3.54,3.54,0.0,False
Medway Towns,E06000035,UA,291691.0,23.94,321.05,333.69,0.038,378.17,519.27,0.272,16.09,16.51,0.026,False
Middlesbrough,E06000002,UA,154700.0,40.46,496.16,526.97,0.058,455.94,815.61,0.441,13.18,14.52,0.092,False
Milton Keynes,E06000042,UA,305806.0,17.98,264.3,271.85,0.028,366.37,483.33,0.242,5.95,6.97,0.146,False
North East Lincolnshire,E06000012,UA,159738.0,31.34,391.77,434.03,0.097,395.32,517.41,0.236,8.72,8.72,0.0,False
North Lincolnshire,E06000013,UA,171424.0,22.1,205.68,223.92,0.081,429.4,588.44,0.27,10.47,11.54,0.093,False
North Northamptonshire,E06000061,UA,375336.0,19.66,240.91,264.63,0.09,401.3,522.61,0.232,5.33,5.72,0.069,False
North Somerset,E06000024,UA,224667.0,15.83,263.53,288.59,0.087,474.89,671.23,0.293,10.39,11.31,0.081,False
North Yorkshire,E06000065,UA,633692.0,14.76,136.14,149.69,0.091,479.52,691.79,0.307,10.26,10.78,0.048,False
Northumberland,E06000057,UA,330615.0,22.08,238.18,266.85,0.107,448.19,691.93,0.352,8.17,9.31,0.122,False
Nottingham City,E06000018,UA,330561.0,34.89,396.08,418.08,0.053,471.56,682.4,0.309,12.33,13.37,0.078,False
Peterborough,E06000031,UA,224152.0,27.82,299.06,366.99,0.185,367.73,506.72,0.274,8.15,12.03,0.323,False
Plymouth,E06000026,UA,271904.0,26.62,340.94,357.41,0.046,446.29,596.45,0.252,14.8,16.59,0.108,False
Portsmouth,E06000044,UA,212936.0,26.9,312.53,368.43,0.152,380.58,537.73,0.292,14.93,17.62,0.152,False
Reading,E06000038,UA,182809.0,19.62,345.11,356.45,0.032,397.5,537.8,0.261,9.42,12.27,0.232,False
Redcar & Cleveland,E06000003,UA,138788.0,29.79,446.44,490.18,0.089,443.04,781.88,0.433,8.27,10.1,0.181,False
Rutland,E06000017,UA,41382.0,8.38,215.5,229.13,0.059,442.41,621.07,0.288,17.66,20.47,0.137,False
Shropshire,E06000051,UA,331751.0,17.15,243.97,253.8,0.039,490.23,695.54,0.295,7.96,8.83,0.099,False
Slough,E06000039,UA,166739.0,22.97,230.75,274.01,0.158,346.34,433.83,0.202,4.84,4.85,0.002,False
Somerset,E06000066,UA,588173.0,18.55,251.17,270.39,0.071,489.71,671.57,0.271,13.16,15.78,0.166,False
South Gloucestershire,E06000025,UA,305766.0,11.66,205.42,240.82,0.147,494.69,637.86,0.224,8.29,9.83,0.157,False
Southampton,E06000045,UA,260604.0,26.88,278.75,295.1,0.055,447.4,583.26,0.233,12.33,14.03,0.121,False
Southend-on-Sea,E06000033,UA,184503.0,22.37,293.7,305.38,0.038,392.76,574.53,0.316,20.0,22.03,0.092,False
Stockton-on-Tees,E06000004,UA,206018.0,25.79,351.28,397.73,0.117,376.34,540.64,0.304,11.07,12.31,0.101,False
Stoke-on-Trent,E06000021,UA,270010.0,34.5,466.68,487.96,0.044,367.65,603.71,0.391,7.12,9.92,0.282,False
Swindon,E06000030,UA,243324.0,18.62,284.73,304.69,0.066,408.61,529.45,0.228,9.43,10.5,0.102,False
Telford & the Wrekin,E06000020,UA,196090.0,24.99,293.04,329.41,0.11,461.75,636.3,0.274,7.43,7.52,0.012,False
Thurrock,E06000034,UA,181287.0,20.93,282.83,289.74,0.024,188.34,320.33,0.412,11.91,13.39,0.11,False
Torbay,E06000027,UA,139862.0,28.1,396.72,410.83,0.034,480.87,915.95,0.475,10.48,10.48,0.0,False
Warrington,E06000007,UA,214640.0,18.94,262.35,296.96,0.117,475.01,997.2,0.524,7.23,8.23,0.122,False
West Berkshire,E06000037,UA,164918.0,9.95,225.0,228.0,0.013,444.26,621.61,0.285,8.29,9.02,0.081,False
West Northamptonshire,E06000062,UA,441277.0,17.71,264.61,282.26,0.063,383.62,492.92,0.222,10.13,15.1,0.329,False
Westmorland and Furness,E06000064,UA,229821.0,19.02,228.83,279.1,0.18,505.47,709.46,0.288,11.53,11.96,0.036,False
Wiltshire,E06000054,UA,524001.0,13.45,178.31,188.9,0.056,420.33,580.1,0.275,12.29,12.87,0.046,False
Windsor & Maidenhead,E06000040,UA,158760.0,8.38,205.49,208.4,0.014,351.03,475.7,0.262,8.98,13.69,0.344,False
Wokingham,E06000041,UA,187433.0,5.85,200.17,213.08,0.061,382.28,492.01,0.223,6.73,7.17,0.061,False
York,E06000014,UA,208237.0,11.73,163.6,172.41,0.051,390.52,586.14,0.334,13.45,13.53,0.006,False
