finding,publisher,supplier_raw,amount,date,expense_type,expense_area,source_file,dataset_title,source_url
panto_expenditure,Rushmoor Borough Council,Hopkins Associates Ltd,30003.0,2026-01-02,Panto Expenditure,Community,cdae0c2f520da078eae579dd7104d7c352802312.bin,Rushmoor £250 Spend,https://data.rushmoor.gov.uk/Datasets/Open/Spend/RushmoorSpend250_2026-01.csv
panto_expenditure,Rushmoor Borough Council,Evolution Productions (Plays) Ltd,13762.5,2019-10-17,Panto Expenditure,Community,74d1186a994a9319979fbcefdc39e5831666d236.bin,Rushmoor £250 Spend,https://data.rushmoor.gov.uk/Datasets/Open/Spend/RushmoorSpend250_2019-10.csv
panto_expenditure,Rushmoor Borough Council,Attle Costumiers Ltd,12941.63,2024-01-25,Panto Expenditure,Community,df1e0c2a6a12f6b4faea7daf595c1a8e597ff0ff.bin,Rushmoor £250 Spend,https://data.rushmoor.gov.uk/Datasets/Open/Spend/RushmoorSpend250_2024-01.csv
flag_flying,"Department for Digital, Culture, Media and Sport",Brophy Grounds Maintenance Ltd,26189.48,2011-04-13,Flag Flying,State Ceremonials Prog Costs,5429e6df9de094f5be6611413134ef693c4a945c.bin,Spend over £25k: DCMS,https://www.gov.uk/government/uploads/system/uploads/attachment_data/file/70611/DCMS_spend_data_over_25k_2011_121.csv
flag_flying,"Department for Digital, Culture, Media and Sport",Brophy Grounds Maintenance Ltd,30246.68,2011-08-01,Flag Flying,State Ceremonials Prog Costs,5429e6df9de094f5be6611413134ef693c4a945c.bin,Spend over £25k: DCMS,https://www.gov.uk/government/uploads/system/uploads/attachment_data/file/70611/DCMS_spend_data_over_25k_2011_121.csv
flag_flying,"Department for Digital, Culture, Media and Sport",Brophy Grounds Maintenance Ltd,24235.18,2011-08-01,Flag Flying,State Ceremonials Prog Costs,5429e6df9de094f5be6611413134ef693c4a945c.bin,Spend over £25k: DCMS,https://www.gov.uk/government/uploads/system/uploads/attachment_data/file/70611/DCMS_spend_data_over_25k_2011_121.csv
flag_flying,"Department for Digital, Culture, Media and Sport",Brophy Grounds Maintenance Ltd,25305.61,2011-09-02,Flag Flying,State Ceremonials Prog Costs,5429e6df9de094f5be6611413134ef693c4a945c.bin,Spend over £25k: DCMS,https://www.gov.uk/government/uploads/system/uploads/attachment_data/file/70611/DCMS_spend_data_over_25k_2011_121.csv
flag_flying,"Department for Digital, Culture, Media and Sport",Brophy Grounds Maintenance Ltd,21661.71,2011-10-20,Flag Flying,State Ceremonials Prog Costs,5429e6df9de094f5be6611413134ef693c4a945c.bin,Spend over £25k: DCMS,https://www.gov.uk/government/uploads/system/uploads/attachment_data/file/70611/DCMS_spend_data_over_25k_2011_121.csv
flag_flying,"Department for Digital, Culture, Media and Sport",Brophy Grounds Maintenance Ltd,26381.63,2012-01-18,Flag Flying,State Ceremonials Prog Costs,5429e6df9de094f5be6611413134ef693c4a945c.bin,Spend over £25k: DCMS,https://www.gov.uk/government/uploads/system/uploads/attachment_data/file/70611/DCMS_spend_data_over_25k_2011_121.csv
flag_flying,"Department for Digital, Culture, Media and Sport",The Flag Consultancy Ltd,56500.0,2011-05-10,Flag Flying,State Ceremonials Prog Costs,5429e6df9de094f5be6611413134ef693c4a945c.bin,Spend over £25k: DCMS,https://www.gov.uk/government/uploads/system/uploads/attachment_data/file/70611/DCMS_spend_data_over_25k_2011_121.csv
flag_flying,"Department for Digital, Culture, Media and Sport",Piggotts Co Ltd,56667.27,2012-11-21,Flag Flying,State Ceremonials Prog Costs,203e7f74a31ef2ce3bed6237cdaa50e3a42c0f5c.bin,Spend over £25k: DCMS,https://www.gov.uk/government/uploads/system/uploads/attachment_data/file/246652/DCMS_2012-13_payments_over_25k.csv
trump_golf_card,Foreign and Commonwealth Office,TRUMP INTERNATIONAL GO,2360.0,2013-08-19,Public Golf Courses,,b2126ddd08d0de64021c88744b68099a41e452a9.bin,Government Procurement Card spend over £500,https://www.gov.uk/government/uploads/system/uploads/attachment_data/file/246293/Aug_2013_GPC_PU_BLE_VERSION.csv
trump_golf_card,Foreign and Commonwealth Office,TRUMP INTERNATIONAL GO,4545.0,2013-08-19,Public Golf Courses,,b2126ddd08d0de64021c88744b68099a41e452a9.bin,Government Procurement Card spend over £500,https://www.gov.uk/government/uploads/system/uploads/attachment_data/file/246293/Aug_2013_GPC_PU_BLE_VERSION.csv
trump_golf_card,Foreign and Commonwealth Office,TRUMP INTERNATIONAL GO,-4545.0,2013-09-16,Public Golf Courses,,39978e0a09a4d44715e6d0933b28335946ec3d24.bin,Government Procurement Card spend over £500,https://www.gov.uk/government/uploads/system/uploads/attachment_data/file/255540/Sept_GPC-_Publishable_csv.csv
wig_and_toupee,Foreign and Commonwealth Office,JAOKEN,634.16,2015-02-24,WIG AND TOUPEE SHOPS,,38b67b067459f4488f0ea404523becf2fdbf1772.bin,Government Procurement Card spend over £500,https://www.gov.uk/government/uploads/system/uploads/attachment_data/file/667093/February_2015_GPC_report_TU.csv
fortune_tellers_tivoli,"Foreign, Commonwealth and Development Office (FCDO)",D PRODUCCIONES,1149.19,2022-06-18,"AMUSEMENT PARKS,CARNIVALS,CIRCUS,FORTUNE TELLERS",,b658116de288c9b7aa4ed02bba0d01d589a59819.bin,"Foreign, Commonwealth and Development Office: Government procurement card spending over £500",https://assets.publishing.service.gov.uk/government/uploads/system/uploads/attachment_data/file/1101448/FCDO-GPC-_500-June-22.csv
fortune_tellers_tivoli,Foreign and Commonwealth Office,LOCATION FESTI-FETES,732.09,2015-06-05,"AMUSEMENT PARKS,CARNIVALS,CIRCUS,FORTUNE TELLERS",,570567ce43cb0789ebea73b29c2b73d8e371d56d.bin,Government Procurement Card spend over £500,https://www.gov.uk/government/uploads/system/uploads/attachment_data/file/667106/June_2015_GPC_report_TU.csv
fortune_tellers_tivoli,Foreign and Commonwealth Office,TIVOLI BILLETCENTER,1248.81,2017-10-12,"AMUSEMENT PARKS,CARNIVALS,CIRCUS,FORTUNE TELLERS",,3fb0fe4d8bb5affe71001cd79ab15fac62e62f91.bin,Government Procurement Card spend over £500,https://www.gov.uk/government/uploads/system/uploads/attachment_data/file/667622/GPC_TU_Report_2017-10_October.csv
fortune_tellers_tivoli,Foreign and Commonwealth Office,WWW.TIVOLI.DK,1235.58,2017-11-03,"AMUSEMENT PARKS,CARNIVALS,CIRCUS,FORTUNE TELLERS",,16d5a3de0035e10d2107d65991a91c378ee9f3a8.bin,Government Procurement Card spend over £500,https://www.gov.uk/government/uploads/system/uploads/attachment_data/file/667623/GPC_TU_Report_2017-11_November.csv
fortune_tellers_tivoli,Foreign and Commonwealth Office,WWW.TIVOLI.DK,1235.58,2017-11-03,"AMUSEMENT PARKS,CARNIVALS,CIRCUS,FORTUNE TELLERS",,16d5a3de0035e10d2107d65991a91c378ee9f3a8.bin,Government Procurement Card spend over £500,https://www.gov.uk/government/uploads/system/uploads/attachment_data/file/667623/GPC_TU_Report_2017-11_November.csv
fortune_tellers_tivoli,Foreign and Commonwealth Office,ESCAPE LIMASSOL OLD TO,917.21,2017-11-22,"AMUSEMENT PARKS,CARNIVALS,CIRCUS,FORTUNE TELLERS",,16d5a3de0035e10d2107d65991a91c378ee9f3a8.bin,Government Procurement Card spend over £500,https://www.gov.uk/government/uploads/system/uploads/attachment_data/file/667623/GPC_TU_Report_2017-11_November.csv
fortune_tellers_tivoli,Foreign and Commonwealth Office,ESCAPE LIMASSOL OLD TO,1100.65,2017-11-22,"AMUSEMENT PARKS,CARNIVALS,CIRCUS,FORTUNE TELLERS",,16d5a3de0035e10d2107d65991a91c378ee9f3a8.bin,Government Procurement Card spend over £500,https://www.gov.uk/government/uploads/system/uploads/attachment_data/file/667623/GPC_TU_Report_2017-11_November.csv
fortune_tellers_tivoli,Foreign and Commonwealth Office,VARTIGO,607.41,2017-11-27,"AMUSEMENT PARKS,CARNIVALS,CIRCUS,FORTUNE TELLERS",,16d5a3de0035e10d2107d65991a91c378ee9f3a8.bin,Government Procurement Card spend over £500,https://www.gov.uk/government/uploads/system/uploads/attachment_data/file/667623/GPC_TU_Report_2017-11_November.csv
pawn_shop,Foreign and Commonwealth Office,AJ-TUOTTEET OY,608.32,2015-08-20,PAWN SHOPS,,c01380b248342b25cc8a486fb5ccc5b58d4088d1.bin,Government Procurement Card spend over £500,https://www.gov.uk/government/uploads/system/uploads/attachment_data/file/667115/2015_August_TU_GPC_report.csv
ikea_furrier,Foreign and Commonwealth Office,IKEA LONG ISLAND,922.57,2015-11-13,FURRIERS AND FUR SHOPS,,9ef07069cfa672146c3685d4a720bf1777e2738f.bin,Government Procurement Card spend over £500,https://www.gov.uk/government/uploads/system/uploads/attachment_data/file/667187/November_2015_TU_GPC_report.csv
ikea_furrier,Foreign and Commonwealth Office,NOMIN HIVS UNITED,1526.75,2015-11-19,FURRIERS AND FUR SHOPS,,9ef07069cfa672146c3685d4a720bf1777e2738f.bin,Government Procurement Card spend over £500,https://www.gov.uk/government/uploads/system/uploads/attachment_data/file/667187/November_2015_TU_GPC_report.csv
mod_circus_card,Ministry of Defence,Amusement Parks/Circus,999.84,2020-02-07,Amusement/Entertainment,,4211de5b8ca50714e782c605a52b509b91653cf1.bin,"MOD: spending over £25,000 and over £500 on a Government Procurement Card",https://assets.publishing.service.gov.uk/government/uploads/system/uploads/attachment_data/file/893057/ePC_Transparency_data-FEB_20.csv
mod_circus_card,Ministry of Defence,Health & Beauty Spas,1670.71,2020-02-03,Amusement/Entertainment,,4211de5b8ca50714e782c605a52b509b91653cf1.bin,"MOD: spending over £25,000 and over £500 on a Government Procurement Card",https://assets.publishing.service.gov.uk/government/uploads/system/uploads/attachment_data/file/893057/ePC_Transparency_data-FEB_20.csv
mod_circus_card,Ministry of Defence,Health & Beauty Spas,3000.0,2020-01-31,Amusement/Entertainment,,4211de5b8ca50714e782c605a52b509b91653cf1.bin,"MOD: spending over £25,000 and over £500 on a Government Procurement Card",https://assets.publishing.service.gov.uk/government/uploads/system/uploads/attachment_data/file/893057/ePC_Transparency_data-FEB_20.csv
dog_in_a_doublet,"Department for Environment, Food and Rural Affairs",VP FABRICATION LTD,780.0,2012-07-20,Lifting arm for dog doublet,,0599f366dd07edcb977c5c1a0693af191a9a07da.bin,Environment Agency (EA) Government Procurement Card spend - transactions over £500,http://data.defra.gov.uk/GPC/EA+Qtr+2+GPC+2012-13.csv
bumble_bee_colonies,"Department for Environment, Food and Rural Affairs",AGRALAN LTD 740,2121.6,2012-04-25,Bumble Bee Colonies (Audax) each 10-20 workers,,78b0192fcdcaa85ba5e03997852378d0e63e7ebc.bin,Food and Environment Research Agency (Fera) Government Procurement Card spend - transactions over £500,http://data.defra.gov.uk/GPC/FERA+Qtr1+2012-13+GPC+data+2.csv
exercise_exotic_pest,"Department for Environment, Food and Rural Affairs",TOWN & COUNTRY LODGE,1385.5,2012-06-08,Accomodation for 15 people  on Contingency: Exercise Incursion of Exotic Pest,,78b0192fcdcaa85ba5e03997852378d0e63e7ebc.bin,Food and Environment Research Agency (Fera) Government Procurement Card spend - transactions over £500,http://data.defra.gov.uk/GPC/FERA+Qtr1+2012-13+GPC+data+2.csv
real_reindeer,Royal Borough of Greenwich,THE REINDEER CENTRE,1680.0,2014-01-02,,,a1dc5a777dfd9a85ff4dcef7cd00d7ded7bfebcb.bin,Royal Borough of Greenwich spending over £500,http://www.royalgreenwich.gov.uk/download/downloads/id/2035/january_2014_payments_over_and_pound500_csv.csv
real_reindeer,Royal Borough of Greenwich,REAL REINDEER LIMITED,1500.0,2016-01-04,Woolwich Winter Warmer,Chief Executives,a04f3a6b3052c39e8d4839c46802cfa27298bfdb.bin,Royal Borough of Greenwich spending over £500,http://www.royalgreenwich.gov.uk/download/downloads/id/3100/january_to_march_2016_payments_over_500_csv.csv
real_reindeer,Royal Borough of Greenwich,REAL REINDEER LIMITED,3000.0,2016-12-08,Woolwich Winter Warmer,Chief Executives,30adca386e42f7a589d40ba7b5142721203f4837.bin,Royal Borough of Greenwich spending over £500,http://www.royalgreenwich.gov.uk/download/downloads/id/3347/october_to_december_2016_payments_over_500_csv.csv
josephs_amazing_camels,Royal Borough of Greenwich,JOSEPH`S AMAZING CAMELS LIMITED,795.0,2016-04-08,Other Services,Chief Executives,061851bb81011d12678a94b18453b60f475ba916.bin,Royal Borough of Greenwich spending over £500,http://www.royalgreenwich.gov.uk/download/downloads/id/3283/april_to_june_2016_payments_over_500_csv.csv
josephs_amazing_camels,Royal Borough of Greenwich,JOSEPH`S AMAZING CAMELS LIMITED,2385.0,2016-07-01,Other Services,Chief Executives,94b3c715c5a586e71efbdaa8e5886e16772a3d2f.bin,Royal Borough of Greenwich spending over £500,http://www.royalgreenwich.gov.uk/download/downloads/id/3285/july_to_september_2016_payments_over_500_csv.csv
conwy_jester,Royal Borough of Greenwich,RUSS ERWYD T/AS CONWY JESTER,1950.0,2017-05-10,Green Flag Parks Other Items,Chief Executives,8d7e9332fac31951ab674b9d2429ef3d21c84cd6.bin,Royal Borough of Greenwich spending over £500,http://www.royalgreenwich.gov.uk/download/downloads/id/3499/april_to_june_2017_payments_over_500_csv.csv
portsmouth_shantymen,Royal Borough of Greenwich,THE PORTSMOUTH SHANTYMEN,600.0,2017-05-17,Green Flag Parks Other Items,Chief Executives,8d7e9332fac31951ab674b9d2429ef3d21c84cd6.bin,Royal Borough of Greenwich spending over £500,http://www.royalgreenwich.gov.uk/download/downloads/id/3499/april_to_june_2017_payments_over_500_csv.csv
ukulele_orchestra,Rushmoor Borough Council,The Ukulele Orchestra Of Great Britain,6933.51,2015-08-13,Payment to Artistes,Community,a00851d80e39b212041e22c8f16ae17dd10ba81f.bin,Rushmoor £250 Spend,https://data.rushmoor.gov.uk/Datasets/Open/Spend/RushmoorSpend250_2015-08.csv
ukulele_orchestra,Rushmoor Borough Council,The Ukulele Orchestra Of Great Britain,5402.39,2010-04-22,Payment to Artistes,Community,5382e2da2f419eaee7e2a552ef07517e36c66834.bin,Rushmoor £500 Spend,http://data.rushmoor.gov.uk/Datasets/Open/Spend/RushmoorSpend500_2010-04.csv
ukulele_orchestra,Rushmoor Borough Council,The Ukulele Orchestra Of Great Britain,5612.7,2010-10-21,Payment to Artistes,Community,64c1abd7804a36ae2d1f61241e45b02cacee5947.bin,Rushmoor £500 Spend,http://data.rushmoor.gov.uk/Datasets/Open/Spend/RushmoorSpend500_2010-10.csv
ukulele_orchestra,Rushmoor Borough Council,The Ukulele Orchestra Of Great Britain,5759.6,2011-03-23,Payment to Artistes,Community,9c62423968df831e65f4b93bff5dffbeb81bbc55.bin,Rushmoor £500 Spend,http://data.rushmoor.gov.uk/Datasets/Open/Spend/RushmoorSpend500_2011-03.csv
ukulele_orchestra,Rushmoor Borough Council,The Ukulele Orchestra Of Great Britain,5855.18,2011-11-03,Payment to Artistes,Community,c51210f2b471de0d786095409883a484a7dcbead.bin,Rushmoor £500 Spend,http://data.rushmoor.gov.uk/Datasets/Open/Spend/RushmoorSpend500_2011-11.csv
ukulele_orchestra,Rushmoor Borough Council,The Ukulele Orchestra Of Great Britain,5904.78,2012-11-01,Payment to Artistes,Community,2158f7bf38a75683e2e5d287ffc9fc6c66d39aef.bin,Rushmoor £500 Spend,http://data.rushmoor.gov.uk/Datasets/Open/Spend/RushmoorSpend500_2012-11.csv
superslam_wrestling,Rushmoor Borough Council,All Star Superslam Wrestling,2690.59,2023-03-23,Payment to Artistes,Community,35b36f9cb76ecc496f71f56ac701adb67eaf7a94.bin,Rushmoor £250 Spend,https://data.rushmoor.gov.uk/Datasets/Open/Spend/RushmoorSpend250_2023-03.csv
superslam_wrestling,Rushmoor Borough Council,All Star Superslam Wrestling,2483.85,2022-03-03,Payment to Artistes,Community,475329a66c0748e23d1d20d060c5c2d4cb8cd6e1.bin,Rushmoor £250 Spend,https://data.rushmoor.gov.uk/Datasets/Open/Spend/RushmoorSpend250_2022-03.csv
superslam_wrestling,Rushmoor Borough Council,All Star Superslam Wrestling,2356.52,2017-11-16,Payment to Artistes,Community,3942bcc6cb0d1cfea9eea5c74e0b0cb6bc550ba8.bin,Rushmoor £250 Spend,https://data.rushmoor.gov.uk/Datasets/Open/Spend/RushmoorSpend250_2017-11.csv
dinosaur_adventure,Rushmoor Borough Council,Dinosaur Adventure Live Ltd,7898.75,2023-09-14,Payment to Artistes,Community,d7c010d13f26d457e055f8ec7755ad7e33409210.bin,Rushmoor £250 Spend,https://data.rushmoor.gov.uk/Datasets/Open/Spend/RushmoorSpend250_2023-09.csv
dinosaur_adventure,Rushmoor Borough Council,Dinosaur Adventure Live Ltd,3948.74,2024-08-22,Payment to Artistes,Community,6d3265a0ab1b7052fa66e017c0ed99aba5f4bdbc.bin,Rushmoor £250 Spend,https://data.rushmoor.gov.uk/Datasets/Open/Spend/RushmoorSpend250_2024-08.csv
dinosaur_adventure,Rushmoor Borough Council,Dinosaur Adventure Live Ltd,1913.83,2025-06-19,Payment to Artistes,Community,139f502841b16d0102c5aeb866f74a2be398e292.bin,Rushmoor £250 Spend,https://data.rushmoor.gov.uk/Datasets/Open/Spend/RushmoorSpend250_2025-06.csv
rival_donkeys,Rushmoor Borough Council,South East Donkeys,325.0,2019-06-13,Victoria Day,Community,478943251f1576442adb978bdb4d04ff8f2363e3.bin,Rushmoor £250 Spend,https://data.rushmoor.gov.uk/Datasets/Open/Spend/RushmoorSpend250_2019-06.csv
rival_donkeys,Rushmoor Borough Council,South East Donkeys,325.0,2019-12-05,Marketing/Promotion,Community,b14b0687e81a1cbddc777fa7de15742d82ae61ff.bin,Rushmoor £250 Spend,https://data.rushmoor.gov.uk/Datasets/Open/Spend/RushmoorSpend250_2019-12.csv
rival_donkeys,Rushmoor Borough Council,Kelly'S Donkeys,325.0,2021-11-25,Aldershot Promotions,Community,6b7b6653eb05b68d5913ccae1328641abdabd253.bin,Rushmoor £250 Spend,https://data.rushmoor.gov.uk/Datasets/Open/Spend/RushmoorSpend250_2021-11.csv
rival_donkeys,Rushmoor Borough Council,Kelly'S Donkeys,325.0,2021-12-02,Aldershot Promotions,Community,b78504ed98eb687922e5cfbf67a432b0cc3ff10c.bin,Rushmoor £250 Spend,https://data.rushmoor.gov.uk/Datasets/Open/Spend/RushmoorSpend250_2021-12.csv
giant_cheese_climate,Rushmoor Borough Council,Giant Cheese Ltd,1940.0,2021-09-16,Climate Change Project,Democratic Services,f50f752b126a538d1575ee5cf01ba31e6cb764d0.bin,Rushmoor £250 Spend,https://data.rushmoor.gov.uk/Datasets/Open/Spend/RushmoorSpend250_2021-09.csv
giant_cheese_climate,Rushmoor Borough Council,Giant Cheese Ltd,3236.0,2021-11-11,Aldershot Promotions,Community,6b7b6653eb05b68d5913ccae1328641abdabd253.bin,Rushmoor £250 Spend,https://data.rushmoor.gov.uk/Datasets/Open/Spend/RushmoorSpend250_2021-11.csv
giant_cheese_climate,Rushmoor Borough Council,Giant Cheese Ltd,3751.6,2023-11-23,Aldershot Promotions,Community,05a52f56bb57961cb40179240d0a694572b21044.bin,Rushmoor £250 Spend,https://data.rushmoor.gov.uk/Datasets/Open/Spend/RushmoorSpend250_2023-11.csv
giant_cheese_climate,Rushmoor Borough Council,Giant Cheese Ltd,2000.0,2024-03-14,Aldershot Promotions,Community,c5806e5126bcf7ffea3b197e7b7234e1cc22f889.bin,Rushmoor £250 Spend,https://data.rushmoor.gov.uk/Datasets/Open/Spend/RushmoorSpend250_2024-03.csv
petting_farm,Rushmoor Borough Council,2Nd Chance Petting Farm,325.0,2022-11-24,Aldershot Promotions,Community,fbbbd09d63e7a28d2da45d50a48963a8cc127d1d.bin,Rushmoor £250 Spend,https://data.rushmoor.gov.uk/Datasets/Open/Spend/RushmoorSpend250_2022-11.csv
petting_farm,Rushmoor Borough Council,2Nd Chance Petting Farm,325.0,2022-12-01,Aldershot Promotions,Community,3f53e637e1281722e5899ce405739589f2a20de7.bin,Rushmoor £250 Spend,https://data.rushmoor.gov.uk/Datasets/Open/Spend/RushmoorSpend250_2022-12.csv
cosmic_sausages,Royal Borough of Greenwich,THE COSMIC SAUSAGES,2000.0,2012-03-12,,,c6680c7805b98c76add73a4b417a3d4aea991f85.bin,Royal Borough of Greenwich spending over £500,http://www.royalgreenwich.gov.uk/download/downloads/id/1214/march_2012_payments_over_and_pound500_csv.csv
cosmic_sausages,Royal Borough of Greenwich,THE COSMIC SAUSAGES,1100.0,2012-08-14,,,262dab69ab7a5ef79f914788f1717494e994a381.bin,Royal Borough of Greenwich spending over £500,http://www.royalgreenwich.gov.uk/download/downloads/id/1441/august_2012_payments_over_and_pound500_csv.csv
cosmic_sausages,Royal Borough of Greenwich,THE COSMIC SAUSAGES,1000.0,2013-07-01,,,db967502f7a9956da2e2b77bdab079900f405706.bin,Royal Borough of Greenwich spending over £500,http://www.royalgreenwich.gov.uk/download/downloads/id/1877/july_2013_payments_over_and_pound500_csv.csv
falconry_pest_control,Royal Borough of Greenwich,COUNTRYWIDE FALCONRY & PEST CONTROL SERVICES LTD,520.0,2013-08-14,,,00f474569d96fc56a8fad81aa47248e77bc75356.bin,Royal Borough of Greenwich spending over £500,http://www.royalgreenwich.gov.uk/download/downloads/id/1875/august_2013_payments_over_and_pound500_csv.csv
falconry_pest_control,Royal Borough of Greenwich,COUNTRYWIDE FALCONRY & PEST CONTROL SERVICES LTD,520.0,2014-10-06,Other Services,Chief Executives,c8de256799b320c55f2d11e2811ee70130c76208.bin,Royal Borough of Greenwich spending over £500,http://www.royalgreenwich.gov.uk/download/downloads/id/2523/october_to_december_2014_payments_over_500_csv.csv
falconry_pest_control,Royal Borough of Greenwich,COUNTRYWIDE FALCONRY & PEST CONTROL SERVICES LTD,520.0,2015-10-06,Other Services,Chief Executives,373c0134a381c58828268ab1974ee460de95eedc.bin,Royal Borough of Greenwich spending over £500,http://www.royalgreenwich.gov.uk/download/downloads/id/2990/october_to_december_2015_payments_over_500_csv.csv
bellringers_public_health,North Yorkshire Council,ALL SAINTS KIRKBYMOORSIDE BELL RINGERS,1000.0,2026-05-27,151510 Healthcare > Public Health,Resources Directorate and Central Services - Revenue,e5e140c591fd8c09c35f0b8232ff5890332735b3.bin,2026 - 2027 North Yorkshire Council - over £500 spend by quarter,https://hub.datanorthyorkshire.org/dataset/c31d78bc-507c-4d33-b9e9-31f5d481d846/resource/224903b7-9ff7-45e0-9df9-7cbe97cd13bc/download/q1-2026-500-transparency-report.csv
hawes_quoits,North Yorkshire Council,HAWES QUOITS CLUB,500.0,2024-02-08,339999 Sports & Playground Equipment & Maintenance > Not Elsewhere Classified,Resources Directorate and Central Services - Revenue,11b6c77b50cb705de24bf98970e11851e7fd1d8c.bin,2023/24 Council Spending Information for North Yorkshire Council,https://hub.datanorthyorkshire.org/dataset/e146eeca-08f8-4f1c-b958-f7703d10a445/resource/5cf97212-cd56-4cae-8230-d6ddde55110d/download/nyc-expenditure-over-500-january-to-march-2024.csv
hawes_quoits,North Yorkshire Council,HAWES QUOITS CLUB,995.0,2023-12-12,339999 Sports & Playground Equipment & Maintenance > Not Elsewhere Classified,Resources Directorate and Central Services - Revenue,6d633286bbaeec102f96342799a8b84d3220c0d1.bin,2023/24 Council Spending Information for North Yorkshire Council,https://hub.datanorthyorkshire.org/dataset/e146eeca-08f8-4f1c-b958-f7703d10a445/resource/4e2d970f-8115-49a2-99eb-828acebb1bb0/download/copy-of-500-transparency-report.csv
darts_performing_arts,North Yorkshire Council,DARTS WORLD LTD,28814.05,2025-12-24,291300 Arts & Leisure Services > Performing Arts,District & Borough Services - Revenue,1759cfb1830f033e71d54fb2d3596523cfd9a011.bin,2025 - 2026 North Yorkshire Council - over £500 spend by quarter,https://hub.datanorthyorkshire.org/dataset/ecaf81fc-7d8c-47da-8ef4-d5ffaf765280/resource/7347f6dc-3187-450b-aadc-6ea1775dfafe/download/500-transparency-report-oct-dec-2025.csv
brass_bands,North Yorkshire Council,HUNMNABY BRASS BAND,925.0,2026-04-29,290000 Arts & Leisure Services,Resources Directorate and Central Services - Revenue,e5e140c591fd8c09c35f0b8232ff5890332735b3.bin,2026 - 2027 North Yorkshire Council - over £500 spend by quarter,https://hub.datanorthyorkshire.org/dataset/c31d78bc-507c-4d33-b9e9-31f5d481d846/resource/224903b7-9ff7-45e0-9df9-7cbe97cd13bc/download/q1-2026-500-transparency-report.csv
brass_bands,North Yorkshire Council,KIRKBYMOORSIDE BRASS BAND,1265.74,2024-02-09,291120 Arts & Leisure Services > Organised Activities,District & Borough Services - Revenue,11b6c77b50cb705de24bf98970e11851e7fd1d8c.bin,2023/24 Council Spending Information for North Yorkshire Council,https://hub.datanorthyorkshire.org/dataset/e146eeca-08f8-4f1c-b958-f7703d10a445/resource/5cf97212-cd56-4cae-8230-d6ddde55110d/download/nyc-expenditure-over-500-january-to-march-2024.csv
mod_oyster_rent,Ministry of Defence,COLCHESTER OYSTER FISHERY  LIMITED,165000.0,2010-04-09,Fees for professional services,Defence Estates,c77d19f16d583eaa1e70ea47d70b15aa474950c0.bin,"MOD: spending over £25,000 and over £500 on a Government Procurement Card",https://www.gov.uk/government/uploads/system/uploads/attachment_data/file/28848/April2010MODTransparencyData.csv
mod_oyster_rent,Ministry of Defence,COLCHESTER OYSTER FISHERY  LIMITED,53000.0,2013-06-26,Rent and rates,Defence Infrastructure Organisation,cd609e500edb4d449da67027a2855f9ffe76b2a8.bin,"MOD: spending over £25,000 and over £500 on a Government Procurement Card",https://www.gov.uk/government/uploads/system/uploads/attachment_data/file/263155/20131112_Updated_TransparencyReport_Jun13.csv
mod_oyster_rent,Ministry of Defence,COLCHESTER OYSTER FISHERY  LIMITED,26500.0,2014-01-16,Rent and rates,Defence Infrastructure Organisation,ed845bd7fd815891c9a3f18a18d4b47d60e170e8.bin,"MOD: spending over £25,000 and over £500 on a Government Procurement Card",https://www.gov.uk/government/uploads/system/uploads/attachment_data/file/381435/Transparency_data_Jan2014.csv
mod_oyster_rent,Ministry of Defence,COLCHESTER OYSTER FISHERY  LIMITED,26500.0,2014-06-25,Rent and rates,DEFENCE INFRASTRUCTURE ORGANISATION,a2cc960bba5bd9d3d42639c50db3965ba5491ca1.bin,"MOD: spending over £25,000 and over £500 on a Government Procurement Card",https://www.gov.uk/government/uploads/system/uploads/attachment_data/file/380660/20140731-finance-transparency-data-june-2014.csv
mod_oyster_rent,Ministry of Defence,COLCHESTER OYSTER FISHERY  LIMITED,26500.0,2014-12-17,Rent and rates,DEFENCE INFRASTRUCTURE ORGANISATION,3fd97672c24f8add6872c38f324a78c0c8dec744.bin,"MOD: spending over £25,000 and over £500 on a Government Procurement Card",https://www.gov.uk/government/uploads/system/uploads/attachment_data/file/400035/20141219-transparency-final-file-DEC-14-spend-over-25k.csv
mod_oyster_rent,Ministry of Defence,COLCHESTER OYSTER FISHERY  LIMITED,26500.0,2015-06-25,Rent and rates,DEFENCE INFRASTRUCTURE ORGANISATION,a54e7ad997a43a7283dd69d4befb8865fc38a47d.bin,"MOD: spending over £25,000 and over £500 on a Government Procurement Card",https://www.gov.uk/government/uploads/system/uploads/attachment_data/file/460583/20150827_TransparencyJune-15_Final_File.csv
mod_oyster_rent,Ministry of Defence,COLCHESTER OYSTER FISHERY  LIMITED,26500.0,2015-12-16,Rent and rates,DEFENCE INFRASTRUCTURE ORGANISATION,d58dc82d711a4df8988096760657076f13884294.bin,"MOD: spending over £25,000 and over £500 on a Government Procurement Card",https://www.gov.uk/government/uploads/system/uploads/attachment_data/file/520377/20160118-Transparency_Dec_15.csv
mod_oyster_rent,Ministry of Defence,COLCHESTER OYSTER FISHERY  LIMITED,26500.0,2016-06-24,Rent and rates,DEFENCE INFRASTRUCTURE ORGANISATION,19bbb3faad2e2d8c6260702da50fa61e48c18af3.bin,"MOD: spending over £25,000 and over £500 on a Government Procurement Card",https://www.gov.uk/government/uploads/system/uploads/attachment_data/file/541537/MOD_Final_Transparency-Spend-over-25K-File-June_16-O-20160727.csv
fcdo_bagpipes,"Foreign, Commonwealth and Development Office (FCDO)",MCCALLUM BAGPIPES,2167.5,2023-03-20,5733,,1c670181183a3baa542c6750b632c921cc8728d5.bin,"Foreign, Commonwealth and Development Office: Government procurement card spending over £500",https://assets.publishing.service.gov.uk/media/66f294a47da73f171776407c/FCDO_GPC_2023_March.csv
fcdo_bagpipes,"Foreign, Commonwealth and Development Office (FCDO)",MCCALLUM BAGPIPES,2714.0,2024-02-07,5733,,9abbdaef0a1b4bfa304618de24d6978f81958f08.bin,"Foreign, Commonwealth and Development Office: Government procurement card spending over £500",https://assets.publishing.service.gov.uk/media/6746e95664480995fd002f81/FCDO_government_procurement_card_spend_over_500_February_2024.csv
stallion_and_unicorn,"Foreign, Commonwealth and Development Office (FCDO)",STALLION AND UNICORN LIMITED,620000.0,2021-01-06,,FCO,43698dc1f46048279d07375a0211527469016a59.bin,"Foreign, Commonwealth and Development Office spending over £25,000",https://assets.publishing.service.gov.uk/government/uploads/system/uploads/attachment_data/file/1069487/FCO-spend-25k-Jan-2021.csv
stallion_and_unicorn,"Foreign, Commonwealth and Development Office (FCDO)",STALLION AND UNICORN LIMITED,620000.0,2021-12-23,,FCO,ef3f261a840afcc7ed647b0c9addf4ec4e11130c.bin,"Foreign, Commonwealth and Development Office spending over £25,000",https://assets.publishing.service.gov.uk/government/uploads/system/uploads/attachment_data/file/1084327/FCO-spend-25k-Dec-2021.csv
text_santa,Cabinet Office,ITV TEXT SANTA LTD,500000.0,2014-03-04,RESOURCE GRANTS PRIVATE SECTOR,CHARITABLE GIVING,e6176a3738688cf247a31680188162c979ec63e8.bin,"Spend over £25,000 in the Cabinet Office",https://www.gov.uk/government/uploads/system/uploads/attachment_data/file/324568/March_2014__25k_Transparency_Data.csv
text_santa,Cabinet Office,ITV TEXT SANTA LTD,50000.0,2015-03-25,RESOURCE GRANTS PRIVATE SECTOR,CHARITABLE GIVING,456cc3f454ed08c723a9a34352da09dfeb1ce766.bin,"Spend over £25,000 in the Cabinet Office",https://www.gov.uk/government/uploads/system/uploads/attachment_data/file/495407/March_2015__25k_transparency_spend_data_.csv
sodexo_round_millions,Home Office,SODEXO MOTIVATION SOLUTIONS UK LTD,1000000.0,2013-05-08,Asylum Provision.Asylum Services,UKBA - UK Border Agency,b2dc47133a943926c5f6b58615b500bbadfaa578.bin,"Spend over £25,000 in the Home Office",https://www.gov.uk/government/uploads/system/uploads/attachment_data/file/226086/HO_Spend_25K_FY1314_AP2_CSV.csv
sodexo_round_millions,Home Office,SODEXO MOTIVATION SOLUTIONS UK LTD,1000000.0,2013-05-13,Asylum Provision.Asylum Services,UKBA - UK Border Agency,b2dc47133a943926c5f6b58615b500bbadfaa578.bin,"Spend over £25,000 in the Home Office",https://www.gov.uk/government/uploads/system/uploads/attachment_data/file/226086/HO_Spend_25K_FY1314_AP2_CSV.csv
sodexo_round_millions,Home Office,SODEXO MOTIVATION SOLUTIONS UK LTD,1000000.0,2013-05-21,Asylum Provision.Asylum Services,UKBA - UK Border Agency,b2dc47133a943926c5f6b58615b500bbadfaa578.bin,"Spend over £25,000 in the Home Office",https://www.gov.uk/government/uploads/system/uploads/attachment_data/file/226086/HO_Spend_25K_FY1314_AP2_CSV.csv
sodexo_round_millions,Home Office,SODEXO MOTIVATION SOLUTIONS UK LTD,1000000.0,2013-06-03,Asylum Provision.Asylum services,Finance and Commercial,b0c331ff1261ae2812f4b8a05d84b355009bb600.bin,"Spend over £25,000 in the Home Office",https://www.gov.uk/government/uploads/system/uploads/attachment_data/file/226497/HO_Spend_25K_June_CSV.csv
sodexo_round_millions,Home Office,SODEXO MOTIVATION SOLUTIONS UK LTD,1000000.0,2013-06-06,Asylum Provision.Asylum services,Finance and Commercial,b0c331ff1261ae2812f4b8a05d84b355009bb600.bin,"Spend over £25,000 in the Home Office",https://www.gov.uk/government/uploads/system/uploads/attachment_data/file/226497/HO_Spend_25K_June_CSV.csv
sodexo_round_millions,Home Office,SODEXO MOTIVATION SOLUTIONS UK LTD,1000000.0,2013-06-06,Asylum Provision.Asylum services,Finance and Commercial,b0c331ff1261ae2812f4b8a05d84b355009bb600.bin,"Spend over £25,000 in the Home Office",https://www.gov.uk/government/uploads/system/uploads/attachment_data/file/226497/HO_Spend_25K_June_CSV.csv
sodexo_round_millions,Home Office,SODEXO MOTIVATION SOLUTIONS UK LTD,1000000.0,2013-06-07,Asylum Provision.Asylum services,Finance and Commercial,b0c331ff1261ae2812f4b8a05d84b355009bb600.bin,"Spend over £25,000 in the Home Office",https://www.gov.uk/government/uploads/system/uploads/attachment_data/file/226497/HO_Spend_25K_June_CSV.csv
sodexo_round_millions,Home Office,SODEXO MOTIVATION SOLUTIONS UK LTD,1000000.0,2013-12-04,Asylum Provision,Visa & Immigration,360b52f4d824df8546deb10cd8858089e392912e.bin,"Spend over £25,000 in the Home Office",https://www.gov.uk/government/uploads/system/uploads/attachment_data/file/282876/HO_FY1314_AP9_25K_Spend_CSV.csv
sodexo_round_millions,Home Office,SODEXO MOTIVATION SOLUTIONS UK LTD,1000000.0,2013-12-17,Asylum Provision,Visa & Immigration,360b52f4d824df8546deb10cd8858089e392912e.bin,"Spend over £25,000 in the Home Office",https://www.gov.uk/government/uploads/system/uploads/attachment_data/file/282876/HO_FY1314_AP9_25K_Spend_CSV.csv
sodexo_round_millions,Home Office,SODEXO MOTIVATION SOLUTIONS UK LTD,1000000.0,2014-01-14,Asylum Provision,UKBA Asylum Support,e3ad929a7716025635c444bf6676b004b4532288.bin,"Spend over £25,000 in the Home Office",https://www.gov.uk/government/uploads/system/uploads/attachment_data/file/299023/HO_FY1314_AP10_25K_Spend_CSV.csv
penny_over25k_salisbury,Salisbury NHS Foundation Trust,NHS LOGISTICS,0.01,2010-04-09,STATIONERY SUNDRIES,Human Resources,abc00b61a2602e414de0c461abca917ebab8ea45.bin,"Spend over £25,000 in Salisbury NHS Foundation Trust",http://www.salisbury.nhs.uk/AboutUs/FreedomOfInformation/Documents/April10.csv
penny_over25k_salisbury,Salisbury NHS Foundation Trust,NHS LOGISTICS,0.01,2010-04-09,STATIONERY SUNDRIES,Critical care,abc00b61a2602e414de0c461abca917ebab8ea45.bin,"Spend over £25,000 in Salisbury NHS Foundation Trust",http://www.salisbury.nhs.uk/AboutUs/FreedomOfInformation/Documents/April10.csv
penny_over25k_salisbury,Salisbury NHS Foundation Trust,NHS LOGISTICS,0.01,2010-04-09,STATIONERY SUNDRIES,Medicine,abc00b61a2602e414de0c461abca917ebab8ea45.bin,"Spend over £25,000 in Salisbury NHS Foundation Trust",http://www.salisbury.nhs.uk/AboutUs/FreedomOfInformation/Documents/April10.csv
penny_over25k_norfolk,NHS Norfolk and Suffolk ICB - 25k Expenditure Report,CARDINAL MEDICAL PRACTICE (D83050),0.01,2026-04-10,PMS; GP Prior Year EEs,T6Y - PCSE Interface; Delegated GP,9df95375c3f8a4af0fe99fbdc3df499456cd33b3.bin,NHS Norfolk and Suffolk ICB - 25k Expenditure Report,https://www.norfolkandsuffolk.icb.nhs.uk/wp-content/uploads/2026/05/T6Y0W0-Expenditure-Over-Threshold-Report-April-2026.csv
penny_over25k_norfolk,NHS Norfolk and Suffolk ICB - 25k Expenditure Report,EAST NORFOLK MEDICAL PRACTICE (D82007),0.01,2026-04-27,GMS; GP Prior Year EEs,T6Y - PCSE Interface; Delegated GP,9df95375c3f8a4af0fe99fbdc3df499456cd33b3.bin,NHS Norfolk and Suffolk ICB - 25k Expenditure Report,https://www.norfolkandsuffolk.icb.nhs.uk/wp-content/uploads/2026/05/T6Y0W0-Expenditure-Over-Threshold-Report-April-2026.csv
penny_over25k_norfolk,NHS Norfolk and Suffolk ICB - 25k Expenditure Report,EAST NORFOLK MEDICAL PRACTICE (D82007),0.01,2026-04-27,GMS; GP Prior Year ERs,T6Y - PCSE Interface; Delegated GP,9df95375c3f8a4af0fe99fbdc3df499456cd33b3.bin,NHS Norfolk and Suffolk ICB - 25k Expenditure Report,https://www.norfolkandsuffolk.icb.nhs.uk/wp-content/uploads/2026/05/T6Y0W0-Expenditure-Over-Threshold-Report-April-2026.csv
oracle_penny_licence,UK Shared Business Services,Oracle Corporation UK Ltd,0.02,2023-04-25,Computer Software Licences,ERP Support,88ed355940d09f528ccfef7da0a9ad5c6452aad2.bin,UKSBS Monthly Spend,https://app-uksbs-web-prod-edit.azurewebsites.net/media/x0ciqxfe/april-2023.csv
oracle_penny_licence,UK Shared Business Services,Oracle Corporation UK Ltd,0.01,2023-04-25,Computer Software Licences,ERP Support,88ed355940d09f528ccfef7da0a9ad5c6452aad2.bin,UKSBS Monthly Spend,https://app-uksbs-web-prod-edit.azurewebsites.net/media/x0ciqxfe/april-2023.csv
oracle_penny_licence,UK Shared Business Services,Oracle Corporation UK Ltd,0.01,2023-04-25,Computer Software Licences,ERP Support,88ed355940d09f528ccfef7da0a9ad5c6452aad2.bin,UKSBS Monthly Spend,https://app-uksbs-web-prod-edit.azurewebsites.net/media/x0ciqxfe/april-2023.csv
oracle_penny_licence,UK Shared Business Services,Oracle Corporation UK Ltd,0.01,2022-06-29,Computer Software Licences,ERP Support,135eb5a0310c741605be2599dbfad2c4ab5dbe12.bin,UKSBS Monthly Spend,https://www.uksbs.co.uk/media/t4njynjs/uksbs-monthly-spend-jun-22.csv
oracle_penny_licence,UK Shared Business Services,Oracle Corporation UK Ltd,0.02,2023-10-31,Computer Software Licences,ERP Support,e4b7659fd8777a3036170c586b4c55f86f9821af.bin,UKSBS Monthly Spend,https://app-uksbs-web-prod-edit.azurewebsites.net/media/zc5p2jt0/october-2023.csv
oracle_penny_licence,UK Shared Business Services,Oracle Corporation UK Ltd,0.02,2023-12-13,Computer Software Licences,ERP Support,da2bc12aea45be6a59fb05d9b809574584c92729.bin,UKSBS Monthly Spend,https://app-uksbs-web-prod-edit.azurewebsites.net/media/kdcfe15a/december-2023.csv
oracle_penny_licence,UK Shared Business Services,Oracle Corporation UK Ltd,0.01,2022-03-09,Computer Software Licences,ERP Support,6feeb7f954a5dabeb327a4b006e30869d7bcccf5.bin,UKSBS Monthly Spend,https://www.uksbs.co.uk/media/x2rh3g22/uksbs-monthly-spend-mar-22.csv
oracle_penny_licence,UK Shared Business Services,Oracle Corporation UK Ltd,0.01,2022-11-30,Computer Software Licences,ERP Support,5507cd938c72cc8494d4895a6e1866ad1455ed48.bin,UKSBS Monthly Spend,https://www.uksbs.co.uk/media/sxyppaer/uksbs-monthly-spend-nov-22.csv
oracle_penny_licence,UK Shared Business Services,Oracle Corporation UK Ltd,0.02,2024-04-02,Computer Software Licences,ERP Support,7e5caa1e0cd9fb32865613ff4917d8bb5fc447c6.bin,UKSBS Monthly Spend,https://app-uksbs-web-prod-edit.azurewebsites.net/media/n5ojxt12/april-2024.csv
oracle_penny_licence,UK Shared Business Services,Oracle Corporation UK Ltd,0.02,2024-06-12,Computer Software Licences,ERP Support,ac7a18f740166152410498d6434fc4d53aca0ab5.bin,UKSBS Monthly Spend,https://app-uksbs-web-prod-edit.azurewebsites.net/media/vgpgzthz/june-2024.csv
oracle_penny_licence,UK Shared Business Services,Oracle Corporation UK Ltd,0.01,2023-02-22,Computer Software Licences,ERP Support,ab6dd2e947c5eee8c722dff7f66ae45c7f9c4449.bin,UKSBS Monthly Spend,https://www.uksbs.co.uk/media/21lpmdjl/uksbs-monthly-spend-feb-23.csv
oracle_penny_licence,UK Shared Business Services,Oracle Corporation UK Ltd,0.01,2024-08-23,Computer Software Licences,ERP Support,a139fbef44f41e3bb111f6ba3b7cc6ad0594d9eb.bin,UKSBS Monthly Spend,https://app-uksbs-web-prod-edit.azurewebsites.net/media/jilisuoj/august-2024.csv
oracle_penny_licence,UK Shared Business Services,Oracle Corporation UK Ltd,0.01,2024-10-01,Computer Software Licences,ERP Support,c483cf663250e7ea64c1b13aa5f4021b6b6b7f78.bin,UKSBS Monthly Spend,https://app-uksbs-web-prod-edit.azurewebsites.net/media/cosk5vnw/october-2024.csv
oracle_penny_licence,UK Shared Business Services,Oracle Corporation UK Ltd,0.02,2024-12-11,Computer Software Licences,ERP Support,8b825e6e7af4fa82f26087c200efc10611b7634e.bin,UKSBS Monthly Spend,https://app-uksbs-web-prod-edit.azurewebsites.net/media/3imm3ur0/december-2024.csv
oracle_penny_licence,UK Shared Business Services,Oracle Corporation UK Ltd,0.01,2025-02-25,Computer Software Licences,ERP Support,abe46427ce7a0e1040b1fd23e6b6f1ca31917228.bin,UKSBS Monthly Spend,https://app-uksbs-web-prod-edit.azurewebsites.net/media/ecud0ikp/february-2025.csv
oracle_penny_licence,UK Shared Business Services,Oracle Corporation UK Ltd,0.01,2025-02-25,Computer Software Licences,ERP Support,abe46427ce7a0e1040b1fd23e6b6f1ca31917228.bin,UKSBS Monthly Spend,https://app-uksbs-web-prod-edit.azurewebsites.net/media/ecud0ikp/february-2025.csv
oracle_penny_licence,UK Shared Business Services,Oracle Corporation UK Ltd,0.01,2025-03-11,Computer Software Licences,ERP Support,cc874b65768e4c6cb62a663e552f52a97da82505.bin,UKSBS Monthly Spend,https://app-uksbs-web-prod-edit.azurewebsites.net/media/ukidnvtq/march-2025.csv
supplier_named_X,"Department for Digital, Culture, Media and Sport",X,0.01,2011-05-05,P/L - Equip & Related Costs,Entomology Research,763a39730d2b112236ec111791de224e1097f6cb.bin,National History Museum (NHM) Spend Data P01,http://www.nhm.ac.uk/transparency/finance/201101_DCMS_NHM_NHM_Finance_Transparency.csv
supplier_named_X,Natural History Museum,X,0.01,2011-09-29,Irrecoverable VAT,Palaeontology Admin,f57d27e835f8818a18d46e50c51f1e0669e0238b.bin,"The Natural History Museum expenditure over £25,000",http://www.nhm.ac.uk/transparency/finance/201106_DCMS_NHM_NHM_Finance_Transparency.csv
civic_regalia,Rushmoor Borough Council,Thomas Fattorini Ltd,638.56,2015-03-19,Civic Regalia,Democratic Services,01750727180a43211e3c25f5e1634481e52edfb5.bin,Rushmoor £250 Spend,https://data.rushmoor.gov.uk/Datasets/Open/Spend/RushmoorSpend250_2015-03.csv
civic_regalia,Rushmoor Borough Council,Thomas Fattorini Ltd,1039.7,2019-11-21,Civic Regalia,Democratic Services,cdfbeb471ba58c057f77f786237d2eca6c0bed61.bin,Rushmoor £250 Spend,https://data.rushmoor.gov.uk/Datasets/Open/Spend/RushmoorSpend250_2019-11.csv
civic_regalia,Rushmoor Borough Council,Thomas Fattorini Ltd,481.92,2025-04-17,Civic Regalia,Democratic Services,969cfed4af662ababb403d31609b9e5d38b509db.bin,Rushmoor £250 Spend,https://data.rushmoor.gov.uk/Datasets/Open/Spend/RushmoorSpend250_2025-04.csv
civic_regalia,Rushmoor Borough Council,Thomas Fattorini Ltd,1057.76,2025-04-17,Civic Regalia,Democratic Services,969cfed4af662ababb403d31609b9e5d38b509db.bin,Rushmoor £250 Spend,https://data.rushmoor.gov.uk/Datasets/Open/Spend/RushmoorSpend250_2025-04.csv
mayor_making_binlorry,Rushmoor Borough Council,Veolia Environmental Services,650.0,2011-09-08,Mayor-making,Democratic Services,2b6be537ba89e4229474519d42cecf43e76dcc04.bin,Rushmoor £500 Spend,http://data.rushmoor.gov.uk/Datasets/Open/Spend/RushmoorSpend500_2011-09.csv
mayor_making_binlorry,Rushmoor Borough Council,Veolia Environmental Services,650.0,2012-07-19,Mayor-making,Democratic Services,664584784f3f95b7add1db334ecc914cfb3902cd.bin,Rushmoor £500 Spend,http://data.rushmoor.gov.uk/Datasets/Open/Spend/RushmoorSpend500_2012-07.csv
alpaca_professional_fees,Bristol City Council,Alpacas Peopleton Brook Farm t/a Peopleton Farm,10670.0,2023-03-03,Services - Fees and Charges,,32ef8cefa2f4346d1711372763c1423c8083e55c.bin,Payments to suppliers with a value over £500 from Bristol City Council,https://www.bristol.gov.uk/files/documents/6219-payment-over-500-2023-03
alpaca_professional_fees,Bristol City Council,Alpacas Peopleton Brook Farm t/a Peopleton Farm,3500.0,2025-10-28,Services - Professional Fees,,f76d9126b87f5b041d270c0b5522c855652b96d8.bin,Payments to suppliers with a value over £500 from Bristol City Council,https://www.bristol.gov.uk/files/documents/10468-copy-of-supplier-spend-oct-2025v1-1
alpaca_professional_fees,Bristol City Council,Alpacas Peopleton Brook Farm t/a Peopleton Farm,3300.0,2023-12-01,Services - Fees and Charges,,7d7f89d82d6811fa2b65e1f5f795e734e2af8a50.bin,Payments to suppliers with a value over £500 from Bristol City Council,https://www.bristol.gov.uk/files/documents/7119-payment-over-500-2023-12
curious_hedgehogs,Bristol City Council,Curious Hedgehogs,74553.02,2023-04-14,TPP - Grants,,3abdd39711eb5e904b8fd2b6e0383d29f7630d97.bin,Payments to suppliers with a value over £500 from Bristol City Council,https://www.bristol.gov.uk/files/documents/6254-payment-over-500-2023-04
curious_hedgehogs,Bristol City Council,Curious Hedgehogs,50609.47,2024-04-12,TPP - Grants,,e0a0edd72f36ad102fb45b5b8b6290fb3a745eac.bin,Payments to suppliers with a value over £500 from Bristol City Council,https://www.bristol.gov.uk/files/documents/8042-supplier-spend-apr-2024
hms_dragon_catering,UK Trade and Investment,HMS DRAGON,1000.0,2015-03-04,"Regional Directorate Americas, East Asia and Australasia-Catering Supplies",Defence and Security Organisation - Regional Directorates,9c5bb518f6f27619489c5a2bdd78b50087b19748.bin,UKTI programme spend,https://www.gov.uk/government/uploads/system/uploads/attachment_data/file/448143/UKTI__P__March_2015__published_.csv
hms_dragon_catering,UK Trade and Investment,HMS DRAGON,768.9,2015-05-11,Corporate Event Management and Marketing-Support to Defence & Security Campaigns,Defence and Security Organisation - Regional Directorates,26b7113b1fc6f9d0e75cfb6b14914026c07c4313.bin,UKTI programme spend,https://www.gov.uk/government/uploads/system/uploads/attachment_data/file/459138/UKTI_Programme_May_2015__published_.csv
free_ice_cream,Bristol City Council,Free Ice Cream Limited,1000.0,2024-04-17,Services - Fees and Charges,,e0a0edd72f36ad102fb45b5b8b6290fb3a745eac.bin,Payments to suppliers with a value over £500 from Bristol City Council,https://www.bristol.gov.uk/files/documents/8042-supplier-spend-apr-2024
silent_disco_king,Bristol City Council,Headphone Revolution Ltd t/a Silent Disco King,11597.41,2024-06-13,Equipment - Purchase,,ae1b97bc1abeba12d85e56b79e30774bd876b0eb.bin,Payments to suppliers with a value over £500 from Bristol City Council,https://www.bristol.gov.uk/files/documents/8040-supplier-spend-june-2024
hungry_yeti,The National Archives,HUNGRY YETI,10.0,2013-09-19,,,7977e94a419ec1f10fe1850008aad6805c006e5c.bin,The National Archives - GPC spend data,http://www.nationalarchives.gov.uk/documents/gpc-spend-sept13.csv
weaseltron,UK Trade and Investment,WEASELTRON ENTERTAINMENT LIMITED,441.55,2016-05-12,Other Professional Services - First Time Exporter Credits,Trade Group - English Regions,11f67db00698a133aea9b7cab8309cb9685809b6.bin,UK Trade and Investment spend,https://www.gov.uk/government/uploads/system/uploads/attachment_data/file/544388/UKTI_Spend_May_2016__published_.csv
teapottery,UK Trade and Investment,THE TEAPOTTERY LTD,665.0,2012-02-10,Travel and Subsistence O'seas - Market Visit Scheme,UK Trade and Investments - Regional Directorate,9a94bdeee5ae1973f879857423a7eedc30d5efec.bin,UKTI programme spend,https://www.gov.uk/government/uploads/system/uploads/attachment_data/file/298973/UKTI_Programme_figures_February_2012.csv.csv
marmalade_on_toast,Queen Elizabeth II Conference Centre,Marmalade On Toast,500.0,,Marketing,Commercial,c1a1284ad52e4e76caa1b435efdadaa45fcd8de9.bin,Spend over £500 at the Queen Elizabeth II Conference Centre,https://www.gov.uk/government/uploads/system/uploads/attachment_data/file/6210/1751794161.csv
marmalade_on_toast,Queen Elizabeth II Conference Centre,Marmalade On Toast,500.0,,Marketing,Commercial,c1a1284ad52e4e76caa1b435efdadaa45fcd8de9.bin,Spend over £500 at the Queen Elizabeth II Conference Centre,https://www.gov.uk/government/uploads/system/uploads/attachment_data/file/6210/1751794161.csv
appleby_horse_ramp,Eden District Council,METCALFE PLANT & TOOL HIRE LTD,1400.0,2014-08-22,APPLEBY HORSE RAMP,APFAIR,649afcb14608cb509923c218c154a7c803942b2f.bin,Payments to suppliers with a value over £500,https://www.eden.gov.uk/media/2350/period_05.csv
victoria_day_fools_paradise,Rushmoor Borough Council,Fools Paradise Limited,1380.0,2022-06-23,Victoria Day,Community,a4a028cd2c34ffcfe1159e9286abf93e6d05f33a.bin,Rushmoor £250 Spend,https://data.rushmoor.gov.uk/Datasets/Open/Spend/RushmoorSpend250_2022-06.csv
grazing_goat_dsit,"Department for Science, Innovation and Technology","The Grazing Goat, London",506.22,2025-04-23,,,1958252791c5944ef81643da2948faa8931ccab5.bin,DSIT spending over £500 - also known as ePCS or GPC,https://assets.publishing.service.gov.uk/media/6903503fe2ebc0fb39a51fdb/dsit-gpc-april-2025.csv
wombleton_parish,Former council of North Yorkshire,WOMBLETON PARISH COUNCIL,5008.0,2022-11-01,000002 Public Sector Body,Business & Environmental Services - Revenue,e97f40323decc331ae61d9d51bb02ca8849e71b6.bin,2022/23 Council Spending Information for North Yorkshire County Council,https://hub.datanorthyorkshire.org/dataset/a33a0874-ddac-48ac-a7ad-14c74a12e7ed/resource/b3f9d987-29ec-4b93-b309-943d49432f91/download/250-transparency-report-november.csv
wombleton_parish,North Yorkshire Council,WOMBLETON PARISH COUNCIL,3500.0,2026-04-28,000002 Public Sector Body,General Funding - Revenue,e5e140c591fd8c09c35f0b8232ff5890332735b3.bin,2026 - 2027 North Yorkshire Council - over £500 spend by quarter,https://hub.datanorthyorkshire.org/dataset/c31d78bc-507c-4d33-b9e9-31f5d481d846/resource/224903b7-9ff7-45e0-9df9-7cbe97cd13bc/download/q1-2026-500-transparency-report.csv
wombleton_parish,North Yorkshire Council,WOMBLETON PARISH COUNCIL,4924.0,2023-11-10,000002 Public Sector Body,Environmental Services - Revenue,6d633286bbaeec102f96342799a8b84d3220c0d1.bin,2023/24 Council Spending Information for North Yorkshire Council,https://hub.datanorthyorkshire.org/dataset/e146eeca-08f8-4f1c-b958-f7703d10a445/resource/4e2d970f-8115-49a2-99eb-828acebb1bb0/download/copy-of-500-transparency-report.csv
kennel_feed_stray_dogs,Rushmoor Borough Council,Bowenhurst Kennels,929.0,2010-04-29,Kennel Feed Stray Dogs,Environmental Health and Housing,5382e2da2f419eaee7e2a552ef07517e36c66834.bin,Rushmoor £500 Spend,http://data.rushmoor.gov.uk/Datasets/Open/Spend/RushmoorSpend500_2010-04.csv
kennel_feed_stray_dogs,Rushmoor Borough Council,Bowenhurst Kennels,807.5,2010-05-13,Kennel Feed Stray Dogs,Environmental Health and Housing,984654b28ca724d3adcfb293a7a5ffb59b964a29.bin,Rushmoor £500 Spend,http://data.rushmoor.gov.uk/Datasets/Open/Spend/RushmoorSpend500_2010-05.csv
city_of_london_culture,City of London (RO 2024-25),"n/a (RO return, gross cultural spend)",92046200,2024-25,cultural & related services (gross),RO/RS 2024-25,analysis/ro/ro_per_head.csv,Revenue Outturn per-head dataset,gbp_per_head=5939.6 vs London-borough positive median 58.3; population 15497
