chain,supplier_string,txns,gbp
Holiday Inn / IHG,HOLIDAY INN,213,4433038.54
Premier Inn / Whitbread,WHITBREAD PLC,13,528633.64
Holiday Inn / IHG,SERENA INVESTMENTS LTD T/A HOLIDAY INN EXPRESS T5,2,449307.6
Holiday Inn / IHG,HOLIDAY INN MANCHESTER EAST,140,366465.59
Holiday Inn / IHG,HOLIDAY INNS,86,302562.46
Ibis / Novotel / Mercure (Accor),MERCURE TUNBRIDGE WELLS HOTEL,5,261098.0
Ibis / Novotel / Mercure (Accor),COCKPIT HOTEL (LONDON) LTD T/A IBIS LONDON EARLS COURT,2,229612.5
Holiday Inn / IHG,HOLIDAY INN EXPRESS,32,156728.08
Holiday Inn / IHG,HOLIDAY INN EXPRESS CRAWLEY - GATWICK,2,147200.0
Holiday Inn / IHG,HOLIDAY INN TRAFFORD CITY,75,133571.86
Holiday Inn / IHG,HOLIDAY INN MANCHESTER CENTRAL PARK,78,128530.7
Holiday Inn / IHG,HOLIDAY INN GATWICK AIRPORT,2,117300.0
Ibis / Novotel / Mercure (Accor),MERCURE HOTEL,3,95347.31
Holiday Inn / IHG,HOLIDAY INN EXPRESS - FOLKSTONE,1,73440.0
Holiday Inn / IHG,INTERCONTINENTAL HOTEL,59,60343.1
Holiday Inn / IHG,HOLIDAY INN EXPRESS LUTON AIRPORT,5,56430.0
Ibis / Novotel / Mercure (Accor),MERCURE BRISTOL GRAND HOTEL,2,47586.16
Travelodge,TRAVELODGE BUSINESS,13,44387.75
Holiday Inn / IHG,IHG RUIJIN,1,42156.88
Britannia Hotels,BRITANNIA HOTELS LIMITED,1,36256.0
Holiday Inn / IHG,J.H SIMEX PLC/INTERCONTINENTAL HOTEL,28,35972.39
Ibis / Novotel / Mercure (Accor),NOVOTEL ACCRA,34,34866.65
Holiday Inn / IHG,HOLIDAY INN UK LTD,1,33199.76
Ibis / Novotel / Mercure (Accor),MERCURE HOLLAND HOUSE,18,33157.6
Ibis / Novotel / Mercure (Accor),MERCURE MANCHESTER PICCADILLY HOTEL,8,32129.18
Ibis / Novotel / Mercure (Accor),IBIS HOTEL -CANNOCK COVENTRYHOTELNO1 LLP,1,31500.0
Holiday Inn / IHG,INTERCONTINENTAL HOTEL GROUP PLC,7,31484.05
Holiday Inn / IHG,HOLIDAY INNS CASA GRANDE,1,26732.4
Ibis / Novotel / Mercure (Accor),NOVOTEL LEEDS CENTRE,9,21210.2
Holiday Inn / IHG,HOLIDAY INN ACCRA,19,18088.85
Ibis / Novotel / Mercure (Accor),NOVOTEL,9,13207.29
Ibis / Novotel / Mercure (Accor),NOVOTEL BRISTOL,9,12022.49
Holiday Inn / IHG,HOLIDAY INN EXP,2,11685.0
Premier Inn / Whitbread,PREMIER INN,16,11038.45
Ibis / Novotel / Mercure (Accor),IBIS BRISTOL TEMPLE MEADS,6,10932.0
Holiday Inn / IHG,HOLIDAY INN DARLINGTON,9,10353.53
Ibis / Novotel / Mercure (Accor),MERCURE SOUTHGATE HOTE,7,9954.75
Holiday Inn / IHG,HOLIDAY INN BRISTOL CI,4,8492.16
Travelodge,TRAVELODGE HOTELS LTD,3,8327.7
Holiday Inn / IHG,HOLIDAY INN FARNBOROUGH,6,7737.24
Holiday Inn / IHG,HOLIDAY INN EXPRESS LEIGH SPORTS VI,10,7708.34
Ibis / Novotel / Mercure (Accor),NOVOTEL YORK,7,6796.0
Ibis / Novotel / Mercure (Accor),NOVOTEL MUMBAI JUHU BEACH,10,6662.88
Travelodge,TRAVELODGE HOTEL - COVENT GARDENS,1,6642.0
Travelodge,TRAVELODGE WEBSITE,24,6356.74
Ibis / Novotel / Mercure (Accor),MERCURE,2,6279.44
Holiday Inn / IHG,HOLIDAY INN EXPRESS DUBAI SAFA PARK,2,6136.5
Travelodge,TRAVELODGE AGENT,6,5989.0
Ibis / Novotel / Mercure (Accor),MERCURE LE CAFE,4,5831.82
Holiday Inn / IHG,ZZZZLONDON LRG HOTEL LTD T/A HOLIDAY INN KENSINGTON FORUM,1,5790.0
Ibis / Novotel / Mercure (Accor),NOVOTEL LONDON GREENWICH,4,5473.0
Ibis / Novotel / Mercure (Accor),GROVE F&B T/A NOVOTEL LONDON,3,5410.6
Ibis / Novotel / Mercure (Accor),HOTEL IBIS DH,5,5393.38
Ibis / Novotel / Mercure (Accor),MERCURE MANCHESTER,3,5179.0
Ibis / Novotel / Mercure (Accor),NOVOTEL IPSWICH,3,5158.35
Holiday Inn / IHG,HOLIDAY INN MANCHESTER CITY CENTRE,2,5116.58
Premier Inn / Whitbread,PREMIER INN47628415,1,5038.5
Ibis / Novotel / Mercure (Accor),HOTEL IBIS,7,4955.64
Holiday Inn / IHG,EXP BY HOLIDAY INN,4,4912.56
Premier Inn / Whitbread,PREMIER INN44521710      PLYMOUTH,8,4834.44
Premier Inn / Whitbread,PREMIER INN44123965      NORWICHNELSON,2,4799.87
Travelodge,TRAVELODGE,17,4755.34
Ibis / Novotel / Mercure (Accor),MERCURE SHREWSBURY ALBRIGHTON HALL,3,4567.0
Ibis / Novotel / Mercure (Accor),MERCURE BERLIN CITY,14,3790.95
Ibis / Novotel / Mercure (Accor),NOVOTEL MANCHESTER CENTRE,3,3737.59
Ibis / Novotel / Mercure (Accor),MERCURE HULL ROYAL HOTEL HULL,2,3044.5
Ibis / Novotel / Mercure (Accor),MERCURE HATFIELD OAK H,2,2938.0
Ibis / Novotel / Mercure (Accor),NOVOTEL BRUXELLES TOI,1,2900.19
Holiday Inn / IHG,HOLIDAY INN LANCASTER,2,2815.0
Britannia Hotels,BRITANNIA HOTELS LTD T/A DARESBURY PARK HOTEL,6,2688.33
Premier Inn / Whitbread,PREMIER INN44530325,9,2403.01
Ibis / Novotel / Mercure (Accor),NOVOTEL HOTELS,1,2275.75
Ibis / Novotel / Mercure (Accor),IBIS BIRMINGHAM NEW STREEBIRMINGHAM .,1,2175.0
Holiday Inn / IHG,HOLIDAY INN EXPRESS -LONDON GREENWICH,2,2090.0
Holiday Inn / IHG,HOLIDAY INN TAUNTON,1,1944.0
Ibis / Novotel / Mercure (Accor),IBIS BRISTOL TEMPLE MEADSBRISTOL .,2,1924.5
Ibis / Novotel / Mercure (Accor),IBIS HOTEL,2,1899.0
Ibis / Novotel / Mercure (Accor),IBIS,5,1896.67
Ibis / Novotel / Mercure (Accor),NOVOTEL LONDON WEST,1,1755.0
Holiday Inn / IHG,HOLIDAY INN ROYAL VIC,1,1746.0
Premier Inn / Whitbread,PREMIER INN              LONDON COUNTY,1,1746.0
Premier Inn / Whitbread,PREMIER INN44033260,2,1736.0
Ibis / Novotel / Mercure (Accor),IBIS B'HAM HOLLOWAY      HAYES,1,1725.5
Ibis / Novotel / Mercure (Accor),MERCURE PERTH,1,1708.0
Premier Inn / Whitbread,PREMIER INN44516325,3,1693.42
Premier Inn / Whitbread,PREMIER INN44012835      ASHFORD,2,1629.78
Premier Inn / Whitbread,PREMIER INN44530345,12,1578.21
Ibis / Novotel / Mercure (Accor),IBIS LONDON BOREHAMWOOD,2,1560.0
Ibis / Novotel / Mercure (Accor),IBIS MUENCHEN CITY,2,1546.88
Holiday Inn / IHG,HOLIDAY INN (BRISTOL) LTD,1,1500.0
Premier Inn / Whitbread,PREMIER INN44524125,1,1494.0
Ibis / Novotel / Mercure (Accor),NOVOTEL CARDIFF,3,1428.35
Ibis / Novotel / Mercure (Accor),NOVOTEL SHEFFIELD,1,1359.9
Holiday Inn / IHG,HOLIDAY INN WOKING,1,1320.0
Holiday Inn / IHG,HOLIDAY INN HOTEL,3,1304.83
Ibis / Novotel / Mercure (Accor),SUITE NOVOTEL WIEN MES,2,1257.09
Ibis / Novotel / Mercure (Accor),NOVOTEL MONA    4340009,1,1254.01
Premier Inn / Whitbread,PREMIER INN44012665,2,1249.68
Holiday Inn / IHG,HOLIDAY INN IPSWICH,2,1246.8
Holiday Inn / IHG,HOLIDAY INN REGENTS PA,2,1216.0
Premier Inn / Whitbread,PREMIER INN44011950,2,1176.8
Holiday Inn / IHG,KEW GREEN (SQUARE) LIMITED T/A HOLIDAY INN SLOUGH-WINDSOR,3,1164.09
Ibis / Novotel / Mercure (Accor),MERCURE SYDNEY,1,1161.71
Holiday Inn / IHG,HOLIDAY INN BRIGHTON SEAFRONT,2,1149.0
Ibis / Novotel / Mercure (Accor),HOTEL MERCURE CH,3,1088.37
Ibis / Novotel / Mercure (Accor),MERCURE CONVENTION,1,1083.31
Ibis / Novotel / Mercure (Accor),NOVOTEL LONDON,2,1083.0
Ibis / Novotel / Mercure (Accor),"NOVOTEL LONDON WATERLOO  LONDON, .",2,1076.55
Holiday Inn / IHG,HOLIDAY INN EX.,2,1051.0
Holiday Inn / IHG,HOLIDAY INN CAPITOL,2,1024.94
Ibis / Novotel / Mercure (Accor),ACCOR.COM MERCURE,5,1018.98
Premier Inn / Whitbread,PREMIER INN44521420,1,1000.86
Premier Inn / Whitbread,PREMIER INN44014545      PLYMOUTH,1,996.0
Holiday Inn / IHG,HOLIDAY INN CHESTER,1,986.7
Ibis / Novotel / Mercure (Accor),H0821 IBIS ROUEN,1,978.88
Holiday Inn / IHG,HOLIDAY INN LEIDEN,2,945.81
Holiday Inn / IHG,HOLIDAY INN HARROGATE,1,922.49
Ibis / Novotel / Mercure (Accor),MERCURE BRISTOL HOLLAND HOUSE HOTEL,2,916.67
Premier Inn / Whitbread,PREMIER INN44521600,2,894.67
Ibis / Novotel / Mercure (Accor),MERCURE DEN HAAG CENTR,4,871.16
Ibis / Novotel / Mercure (Accor),THE GRAND MERCURE,1,857.63
Premier Inn / Whitbread,PREMIER INN44521045,4,853.75
Holiday Inn / IHG,"HOLIDAY INN , EAST KILBRIDE",1,850.0
Ibis / Novotel / Mercure (Accor),NOVOTEL BRUXELLES TOU,4,837.05
Holiday Inn / IHG,"GIG HOTELS LIMITED T/A HOLIDAY INN EXPRESS KETTERING, AN IHG HOTEL",1,793.33
Travelodge,TRAVELODGE WEBSITE       RESERVATION,1,783.3
Ibis / Novotel / Mercure (Accor),MERCURE MAIDSTONE        HOTEL 01622 6,1,772.5
Premier Inn / Whitbread,PREMIER INN44012310,1,760.0
Holiday Inn / IHG,HOLIDAY INN PLYMOUTH,1,755.32
Ibis / Novotel / Mercure (Accor),NOVOTEL CHIANG MAI NIM,1,745.38
Ibis / Novotel / Mercure (Accor),IBIS MOUSSAFIR RABAT ECO,1,725.81
Holiday Inn / IHG,HOLIDAY INN BRUSSELS,1,710.63
Holiday Inn / IHG,HOLIDAY INN MG,1,710.45
Premier Inn / Whitbread,PREMIER INN44013160,1,690.0
Ibis / Novotel / Mercure (Accor),NOVOTEL BRISTOL CENTRE,1,680.85
Ibis / Novotel / Mercure (Accor),IBIS HOTELS,1,676.37
Holiday Inn / IHG,HOLIDAY INN KENSINGT,4,669.6
Holiday Inn / IHG,ECLIPSE HOTELS (BRISTOL) LTD T/A HOLIDAY INN BRISTOL CITY CENTRE,1,668.34
Premier Inn / Whitbread,PREMIER INN44015625,1,666.0
Ibis / Novotel / Mercure (Accor),IBIS AMSTERDAM CENTRE,3,659.71
Premier Inn / Whitbread,PREMIER INN44529235      YORK CITY,1,657.94
Holiday Inn / IHG,HOTEL HOLIDAY INN-RECEPCE,2,652.36
Premier Inn / Whitbread,PREMIER INN44023195      NORTHSHIELDS,1,637.9
Premier Inn / Whitbread,PREMIER INN44018640      YORK,1,631.92
Premier Inn / Whitbread,PREMIER INN46327290,1,622.2
Holiday Inn / IHG,HOLIDAY INN EAST KILBRIDE,1,620.0
Premier Inn / Whitbread,PREMIER INN44512655,2,613.0
Premier Inn / Whitbread,PREMIER INN50015220,1,608.33
Ibis / Novotel / Mercure (Accor),IBIS BOREHAMWOOD,1,608.0
Holiday Inn / IHG,HOLIDAY INN S.S.,1,592.06
Holiday Inn / IHG,HOLIDAY INN CAMDEN,1,586.68
Premier Inn / Whitbread,PREMIER INN44024460,2,581.66
Ibis / Novotel / Mercure (Accor),NOVOTEL PARIS BE,1,579.99
Premier Inn / Whitbread,PREMIER INN44015920,1,579.17
Ibis / Novotel / Mercure (Accor),IBIS LONDON GREENWICH,1,579.17
Ibis / Novotel / Mercure (Accor),IBIS BRUXELLES GARE D,2,576.0
Ibis / Novotel / Mercure (Accor),IBIS VILLETTE,1,560.41
Holiday Inn / IHG,HOLIDAY INN BLOOMSBURY   LONDON,1,556.0
Holiday Inn / IHG,HOLIDAY INN ATTICA AVENUE,1,551.69
Premier Inn / Whitbread,PREMIER INN 44033690,1,547.0
Holiday Inn / IHG,HOLIDAY INN EXPRESS AB,1,545.0
Premier Inn / Whitbread,PREMIER INN44017740,1,544.0
Holiday Inn / IHG,"HOLIDAY INN TAUNTON M5, JCT.25",1,540.0
Holiday Inn / IHG,"HOLIDAY INN, WOKING",1,533.05
Ibis / Novotel / Mercure (Accor),IBIS LONDON CITY,1,527.0
Holiday Inn / IHG,HOLIDAY INN REGENTS PARK LONDON,1,526.96
Ibis / Novotel / Mercure (Accor),IBIS LONDON DOCKLANDS,1,523.0
Ibis / Novotel / Mercure (Accor),MERCURE EASTGATE HOTEL,1,521.45
Ibis / Novotel / Mercure (Accor),MERCURE HULL NORTH,1,520.0
Premier Inn / Whitbread,PREMIER INN44014545,1,516.67
Premier Inn / Whitbread,PREMIER INN44521915,1,510.93
Ibis / Novotel / Mercure (Accor),NOVOTEL BIRMINGHAM AIRPORBIRMINGHAM. .,1,501.1
Ibis / Novotel / Mercure (Accor),IBIS BASTEI DRESDEN,1,488.86
Ibis / Novotel / Mercure (Accor),MERCURE LIEGE,1,458.48
Ibis / Novotel / Mercure (Accor),IBIS EDINBURGH,2,451.75
Premier Inn / Whitbread,PREMIER INN44028535,1,436.04
Ibis / Novotel / Mercure (Accor),MERCURE BURTON UPO,18,419.2
Ibis / Novotel / Mercure (Accor),IBIS BRUSSELS OFF GRA,4,396.37
Holiday Inn / IHG,HOLIDAY INN LIVERPOOL CITY CENTRE,2,380.0
Ibis / Novotel / Mercure (Accor),HOTEL IBIS MUENSTER,1,377.8
Ibis / Novotel / Mercure (Accor),IBIS BRISTOL,2,356.5
Ibis / Novotel / Mercure (Accor),IBIS POTSDAMER PLATZ,1,349.81
Ibis / Novotel / Mercure (Accor),HOTEL MERCURE ARBAT MOSCO,1,345.6
Ibis / Novotel / Mercure (Accor),IBIS CARDIFF CITY CENTRE,3,333.59
Ibis / Novotel / Mercure (Accor),NOVOTEL         2533165,2,315.75
Premier Inn / Whitbread,PREMIER INN44018350,5,311.5
Ibis / Novotel / Mercure (Accor),MERCURE NORTON GRANGE HOT,6,293.0
Holiday Inn / IHG,HOLIDAY INN EXP HOTEL&S,1,283.29
Ibis / Novotel / Mercure (Accor),HOTEL IBIS ASIH,1,273.67
Ibis / Novotel / Mercure (Accor),MERCURE BORDEAUX,1,253.18
Holiday Inn / IHG,EXPRESS BY HOLIDAY INN,1,240.95
Premier Inn / Whitbread,PREMIER INN44511275,1,229.0
Travelodge,WWW.TRAVELODGE.CO.UK,1,228.3
Holiday Inn / IHG,HOLIDAY INN CAMBRIDGE,1,223.75
Holiday Inn / IHG,BROOKLANDS RESTAURANTS LTD (HOLIDAY INN BARNSLEY LTD),1,204.17
Ibis / Novotel / Mercure (Accor),MERCURE AM VOLKSPARK,1,183.48
Premier Inn / Whitbread,PREMIER INN44016350,1,175.98
Ibis / Novotel / Mercure (Accor),HOTEL MERCURE JOSEFSHOF,1,160.45
Ibis / Novotel / Mercure (Accor),MERCURE GOBELIN 4245991,1,155.25
Ibis / Novotel / Mercure (Accor),HOTEL IBIS TAMARIN,1,151.93
Holiday Inn / IHG,HOLIDAY INN EXPRESS SH,2,148.17
Ibis / Novotel / Mercure (Accor),MERCURE HOTEL MITTE,2,140.56
Holiday Inn / IHG,HOLIDAY INN SWINDON,1,140.0
Ibis / Novotel / Mercure (Accor),IBIS LONDON EARLS COURT,1,138.75
Ibis / Novotel / Mercure (Accor),NOVOTEL BIRMINGHAM CITY C,1,130.0
Holiday Inn / IHG,KHL POOLE LTD T/A HOLIDAY INN EXPRESS POOLE,1,125.0
Holiday Inn / IHG,HOLIDAY INN COCHIN FO,1,119.51
Ibis / Novotel / Mercure (Accor),HOTEL IBIS (MENTENG),1,115.19
Premier Inn / Whitbread,PREMIER INN44514505,1,113.75
Premier Inn / Whitbread,PREMIER INN44521750,1,107.5
Ibis / Novotel / Mercure (Accor),IBIS BIRMINGHAM NEW STREE,1,102.0
Holiday Inn / IHG,HOLIDAY INN EXPRESS FFM C,1,100.26
Ibis / Novotel / Mercure (Accor),MERCURE BURTON UPON TRENT,1,89.1
Travelodge,TRAVELODGE BAR CAFE,5,88.55
Premier Inn / Whitbread,PREMIER INN44521870,1,83.33
Ibis / Novotel / Mercure (Accor),MERCURE LUEDENSCHEID,1,83.07
Ibis / Novotel / Mercure (Accor),IBIS LONDON HEATHROW AIRP,2,78.5
Travelodge,TRAVELODGE CAFE BA,5,74.55
Premier Inn / Whitbread,PREMIER INN44515390,2,73.83
Ibis / Novotel / Mercure (Accor),IBIS LEIDEN CENTRE,1,72.35
Ibis / Novotel / Mercure (Accor),NOVOTEL LIVERPOOL,1,69.0
Ibis / Novotel / Mercure (Accor),IBIS BRUSSELS,4,63.11
Premier Inn / Whitbread,PREMIER INN44525005,1,55.83
Premier Inn / Whitbread,PREMIER INN445153390,1,53.99
Ibis / Novotel / Mercure (Accor),IBIS LIVERPOOL,1,52.6
Premier Inn / Whitbread,PREMIER INN44014775,1,52.0
Premier Inn / Whitbread,PREMIER INN44528885,4,50.66
Premier Inn / Whitbread,PREMIER INN44017195,1,49.25
Premier Inn / Whitbread,PREMIER INN44521635,1,35.25
Ibis / Novotel / Mercure (Accor),MERCURE CHARITE,2,33.61
Travelodge,TRAVELODGE LONDON BETH,2,30.7
Premier Inn / Whitbread,PREMIER INN 44533710,1,23.89
Premier Inn / Whitbread,PREMIER INN 44536680,1,17.98
Travelodge,TRAVELODGE WATERLO,1,13.6
Holiday Inn / IHG,HOLIDAY INNS F/D,1,12.78
Premier Inn / Whitbread,PREMIER INN44534620,1,11.99
Ibis / Novotel / Mercure (Accor),IBIS CARDIFF,1,11.16
