cls,cls_label,service,service_label,year,real_per_head,n_authorities,caveat
LB,London borough,adult_social_care,Adult social care,2013-14,376.6,33,
LB,London borough,adult_social_care,Adult social care,2018-19,350.97,33,
LB,London borough,adult_social_care,Adult social care,2024-25,406.83,33,
LB,London borough,central,Central services,2013-14,79.3,33,
LB,London borough,central,Central services,2018-19,62.15,33,
LB,London borough,central,Central services,2024-25,91.21,33,
LB,London borough,children_social_care,Children's social care,2013-14,227.93,33,
LB,London borough,children_social_care,Children's social care,2018-19,257.52,33,
LB,London borough,children_social_care,Children's social care,2024-25,286.15,33,
LB,London borough,cultural,Culture & heritage,2013-14,71.89,33,
LB,London borough,cultural,Culture & heritage,2018-19,48.07,33,
LB,London borough,cultural,Culture & heritage,2024-25,47.38,33,
LB,London borough,education,Education,2013-14,1100.44,33,"academisation moved schools off LA books over this period - NOT a cut, do not quote as one"
LB,London borough,education,Education,2018-19,932.68,33,"academisation moved schools off LA books over this period - NOT a cut, do not quote as one"
LB,London borough,education,Education,2024-25,922.63,33,"academisation moved schools off LA books over this period - NOT a cut, do not quote as one"
LB,London borough,environmental_regulatory,Environmental & regulatory,2013-14,127.4,33,
LB,London borough,environmental_regulatory,Environmental & regulatory,2018-19,100.6,33,
LB,London borough,environmental_regulatory,Environmental & regulatory,2024-25,109.06,33,
LB,London borough,highways_transport,Highways & transport,2013-14,50.94,33,
LB,London borough,highways_transport,Highways & transport,2018-19,19.15,33,
LB,London borough,highways_transport,Highways & transport,2024-25,-7.63,33,
LB,London borough,housing_gfra,Housing (GFRA),2013-14,93.3,33,
LB,London borough,housing_gfra,Housing (GFRA),2018-19,81.91,33,
LB,London borough,housing_gfra,Housing (GFRA),2024-25,142.5,33,
LB,London borough,libraries,Libraries,2013-14,27.24,33,
LB,London borough,libraries,Libraries,2018-19,19.57,33,
LB,London borough,libraries,Libraries,2024-25,16.29,33,
LB,London borough,planning_development,Planning & development,2013-14,29.23,33,
LB,London borough,planning_development,Planning & development,2018-19,20.65,33,
LB,London borough,planning_development,Planning & development,2024-25,26.15,33,
LB,London borough,public_health,Public health,2013-14,86.32,33,public health grant was new in 2013-14 - base year is a ramp-up
LB,London borough,public_health,Public health,2018-19,94.23,33,public health grant was new in 2013-14 - base year is a ramp-up
LB,London borough,public_health,Public health,2024-25,89.11,33,public health grant was new in 2013-14 - base year is a ramp-up
LB,London borough,refuse_and_recycling,Refuse & recycling,2013-14,40.15,33,
LB,London borough,refuse_and_recycling,Refuse & recycling,2018-19,35.72,33,
LB,London borough,refuse_and_recycling,Refuse & recycling,2024-25,35.2,33,
LB,London borough,total_service_expenditure,Total service expenditure,2013-14,2253.89,33,
LB,London borough,total_service_expenditure,Total service expenditure,2018-19,1983.89,33,
LB,London borough,total_service_expenditure,Total service expenditure,2024-25,2141.56,33,
LB,London borough,waste_disposal,Waste disposal,2013-14,22.31,33,
LB,London borough,waste_disposal,Waste disposal,2018-19,14.29,33,
LB,London borough,waste_disposal,Waste disposal,2024-25,15.3,33,
MD,Met district,adult_social_care,Adult social care,2013-14,368.93,36,
MD,Met district,adult_social_care,Adult social care,2018-19,354.8,36,
MD,Met district,adult_social_care,Adult social care,2024-25,441.65,36,
MD,Met district,central,Central services,2013-14,76.76,36,
MD,Met district,central,Central services,2018-19,65.7,36,
MD,Met district,central,Central services,2024-25,68.59,36,
MD,Met district,children_social_care,Children's social care,2013-14,201.83,36,
MD,Met district,children_social_care,Children's social care,2018-19,241.6,36,
MD,Met district,children_social_care,Children's social care,2024-25,314.47,36,
MD,Met district,cultural,Culture & heritage,2013-14,82.46,36,
MD,Met district,cultural,Culture & heritage,2018-19,55.73,36,
MD,Met district,cultural,Culture & heritage,2024-25,51.13,36,
MD,Met district,education,Education,2013-14,1044.33,36,"academisation moved schools off LA books over this period - NOT a cut, do not quote as one"
MD,Met district,education,Education,2018-19,829.85,36,"academisation moved schools off LA books over this period - NOT a cut, do not quote as one"
MD,Met district,education,Education,2024-25,808.74,36,"academisation moved schools off LA books over this period - NOT a cut, do not quote as one"
MD,Met district,environmental_regulatory,Environmental & regulatory,2013-14,96.14,36,
MD,Met district,environmental_regulatory,Environmental & regulatory,2018-19,81.29,36,
MD,Met district,environmental_regulatory,Environmental & regulatory,2024-25,85.98,36,
MD,Met district,highways_transport,Highways & transport,2013-14,52.89,36,
MD,Met district,highways_transport,Highways & transport,2018-19,36.13,36,
MD,Met district,highways_transport,Highways & transport,2024-25,34.86,36,
MD,Met district,housing_gfra,Housing (GFRA),2013-14,50.22,36,
MD,Met district,housing_gfra,Housing (GFRA),2018-19,31.33,36,
MD,Met district,housing_gfra,Housing (GFRA),2024-25,42.17,36,
MD,Met district,libraries,Libraries,2013-14,22.31,36,
MD,Met district,libraries,Libraries,2018-19,15.76,36,
MD,Met district,libraries,Libraries,2024-25,12.57,36,
MD,Met district,planning_development,Planning & development,2013-14,34.65,36,
MD,Met district,planning_development,Planning & development,2018-19,23.78,36,
MD,Met district,planning_development,Planning & development,2024-25,28.8,36,
MD,Met district,public_health,Public health,2013-14,82.21,36,public health grant was new in 2013-14 - base year is a ramp-up
MD,Met district,public_health,Public health,2018-19,93.14,36,public health grant was new in 2013-14 - base year is a ramp-up
MD,Met district,public_health,Public health,2024-25,88.31,36,public health grant was new in 2013-14 - base year is a ramp-up
MD,Met district,refuse_and_recycling,Refuse & recycling,2013-14,35.27,36,
MD,Met district,refuse_and_recycling,Refuse & recycling,2018-19,31.27,36,
MD,Met district,refuse_and_recycling,Refuse & recycling,2024-25,32.3,36,
MD,Met district,total_service_expenditure,Total service expenditure,2013-14,2096.17,36,
MD,Met district,total_service_expenditure,Total service expenditure,2018-19,1813.14,36,
MD,Met district,total_service_expenditure,Total service expenditure,2024-25,1966.11,36,
MD,Met district,waste_disposal,Waste disposal,2013-14,24.56,36,
MD,Met district,waste_disposal,Waste disposal,2018-19,24.56,36,
MD,Met district,waste_disposal,Waste disposal,2024-25,24.11,36,
SC,Shire county,adult_social_care,Adult social care,2013-14,369.53,27,
SC,Shire county,adult_social_care,Adult social care,2018-19,365.22,27,
SC,Shire county,adult_social_care,Adult social care,2024-25,427.67,21,
SC,Shire county,central,Central services,2013-14,19.8,27,
SC,Shire county,central,Central services,2018-19,19.26,27,
SC,Shire county,central,Central services,2024-25,23.55,21,
SC,Shire county,children_social_care,Children's social care,2013-14,136.57,27,
SC,Shire county,children_social_care,Children's social care,2018-19,176.02,27,
SC,Shire county,children_social_care,Children's social care,2024-25,218.02,21,
SC,Shire county,cultural,Culture & heritage,2013-14,26.1,27,
SC,Shire county,cultural,Culture & heritage,2018-19,18.43,27,
SC,Shire county,cultural,Culture & heritage,2024-25,16.32,21,
SC,Shire county,education,Education,2013-14,796.58,27,"academisation moved schools off LA books over this period - NOT a cut, do not quote as one"
SC,Shire county,education,Education,2018-19,639.38,27,"academisation moved schools off LA books over this period - NOT a cut, do not quote as one"
SC,Shire county,education,Education,2024-25,684.04,21,"academisation moved schools off LA books over this period - NOT a cut, do not quote as one"
SC,Shire county,environmental_regulatory,Environmental & regulatory,2013-14,65.8,27,
SC,Shire county,environmental_regulatory,Environmental & regulatory,2018-19,61.45,27,
SC,Shire county,environmental_regulatory,Environmental & regulatory,2024-25,55.07,21,
SC,Shire county,highways_transport,Highways & transport,2013-14,86.17,27,
SC,Shire county,highways_transport,Highways & transport,2018-19,63.76,27,
SC,Shire county,highways_transport,Highways & transport,2024-25,63.09,21,
SC,Shire county,housing_gfra,Housing (GFRA),2013-14,11.26,27,
SC,Shire county,housing_gfra,Housing (GFRA),2018-19,4.06,27,
SC,Shire county,housing_gfra,Housing (GFRA),2024-25,3.26,21,
SC,Shire county,libraries,Libraries,2013-14,17.81,27,
SC,Shire county,libraries,Libraries,2018-19,12.94,27,
SC,Shire county,libraries,Libraries,2024-25,10.97,21,
SC,Shire county,planning_development,Planning & development,2013-14,10.9,27,
SC,Shire county,planning_development,Planning & development,2018-19,6.81,27,
SC,Shire county,planning_development,Planning & development,2024-25,6.43,21,
SC,Shire county,public_health,Public health,2013-14,43.42,27,public health grant was new in 2013-14 - base year is a ramp-up
SC,Shire county,public_health,Public health,2018-19,53.8,27,public health grant was new in 2013-14 - base year is a ramp-up
SC,Shire county,public_health,Public health,2024-25,52.6,21,public health grant was new in 2013-14 - base year is a ramp-up
SC,Shire county,refuse_and_recycling,Refuse & recycling,2013-14,11.66,27,
SC,Shire county,refuse_and_recycling,Refuse & recycling,2018-19,10.83,27,
SC,Shire county,refuse_and_recycling,Refuse & recycling,2024-25,10.3,21,
SC,Shire county,total_service_expenditure,Total service expenditure,2013-14,1587.62,27,
SC,Shire county,total_service_expenditure,Total service expenditure,2018-19,1426.21,27,
SC,Shire county,total_service_expenditure,Total service expenditure,2024-25,1569.23,21,
SC,Shire county,waste_disposal,Waste disposal,2013-14,47.39,27,
SC,Shire county,waste_disposal,Waste disposal,2018-19,46.45,27,
SC,Shire county,waste_disposal,Waste disposal,2024-25,41.26,21,
SD,Shire district,central,Central services,2013-14,44.71,201,
SD,Shire district,central,Central services,2018-19,46.39,201,
SD,Shire district,central,Central services,2024-25,45.51,164,
SD,Shire district,cultural,Culture & heritage,2013-14,33.47,201,
SD,Shire district,cultural,Culture & heritage,2018-19,27.15,201,
SD,Shire district,cultural,Culture & heritage,2024-25,22.6,164,
SD,Shire district,environmental_regulatory,Environmental & regulatory,2013-14,56.62,201,
SD,Shire district,environmental_regulatory,Environmental & regulatory,2018-19,53.05,201,
SD,Shire district,environmental_regulatory,Environmental & regulatory,2024-25,54.15,164,
SD,Shire district,housing_gfra,Housing (GFRA),2013-14,20.96,201,
SD,Shire district,housing_gfra,Housing (GFRA),2018-19,18.63,201,
SD,Shire district,housing_gfra,Housing (GFRA),2024-25,26.59,164,
SD,Shire district,planning_development,Planning & development,2013-14,20.23,201,
SD,Shire district,planning_development,Planning & development,2018-19,17.55,201,
SD,Shire district,planning_development,Planning & development,2024-25,24.14,164,
SD,Shire district,refuse_and_recycling,Refuse & recycling,2013-14,24.82,201,
SD,Shire district,refuse_and_recycling,Refuse & recycling,2018-19,25.32,201,
SD,Shire district,refuse_and_recycling,Refuse & recycling,2024-25,27.62,164,
SD,Shire district,total_service_expenditure,Total service expenditure,2013-14,169.45,201,
SD,Shire district,total_service_expenditure,Total service expenditure,2018-19,153.69,201,
SD,Shire district,total_service_expenditure,Total service expenditure,2024-25,167.32,164,
UA,Unitary,adult_social_care,Adult social care,2013-14,367.42,56,
UA,Unitary,adult_social_care,Adult social care,2018-19,380.83,56,
UA,Unitary,adult_social_care,Adult social care,2024-25,440.91,62,
UA,Unitary,central,Central services,2013-14,51.83,56,
UA,Unitary,central,Central services,2018-19,45.7,56,
UA,Unitary,central,Central services,2024-25,52.89,62,
UA,Unitary,children_social_care,Children's social care,2013-14,184.2,56,
UA,Unitary,children_social_care,Children's social care,2018-19,217.79,56,
UA,Unitary,children_social_care,Children's social care,2024-25,275.4,62,
UA,Unitary,cultural,Culture & heritage,2013-14,70.22,56,
UA,Unitary,cultural,Culture & heritage,2018-19,46.5,56,
UA,Unitary,cultural,Culture & heritage,2024-25,41.07,62,
UA,Unitary,education,Education,2013-14,859.66,56,"academisation moved schools off LA books over this period - NOT a cut, do not quote as one"
UA,Unitary,education,Education,2018-19,655.52,56,"academisation moved schools off LA books over this period - NOT a cut, do not quote as one"
UA,Unitary,education,Education,2024-25,653.79,62,"academisation moved schools off LA books over this period - NOT a cut, do not quote as one"
UA,Unitary,environmental_regulatory,Environmental & regulatory,2013-14,123.2,56,
UA,Unitary,environmental_regulatory,Environmental & regulatory,2018-19,108.21,56,
UA,Unitary,environmental_regulatory,Environmental & regulatory,2024-25,106.35,62,
UA,Unitary,highways_transport,Highways & transport,2013-14,80.88,56,
UA,Unitary,highways_transport,Highways & transport,2018-19,47.69,56,
UA,Unitary,highways_transport,Highways & transport,2024-25,49.22,62,
UA,Unitary,housing_gfra,Housing (GFRA),2013-14,55.42,56,
UA,Unitary,housing_gfra,Housing (GFRA),2018-19,37.03,56,
UA,Unitary,housing_gfra,Housing (GFRA),2024-25,41.98,62,
UA,Unitary,libraries,Libraries,2013-14,18.62,56,
UA,Unitary,libraries,Libraries,2018-19,13.78,56,
UA,Unitary,libraries,Libraries,2024-25,10.67,62,
UA,Unitary,planning_development,Planning & development,2013-14,33.3,56,
UA,Unitary,planning_development,Planning & development,2018-19,22.95,56,
UA,Unitary,planning_development,Planning & development,2024-25,31.74,62,
UA,Unitary,public_health,Public health,2013-14,66.43,56,public health grant was new in 2013-14 - base year is a ramp-up
UA,Unitary,public_health,Public health,2018-19,78.11,56,public health grant was new in 2013-14 - base year is a ramp-up
UA,Unitary,public_health,Public health,2024-25,68.47,62,public health grant was new in 2013-14 - base year is a ramp-up
UA,Unitary,refuse_and_recycling,Refuse & recycling,2013-14,35.57,56,
UA,Unitary,refuse_and_recycling,Refuse & recycling,2018-19,32.82,56,
UA,Unitary,refuse_and_recycling,Refuse & recycling,2024-25,36.9,62,
UA,Unitary,total_service_expenditure,Total service expenditure,2013-14,1899.2,56,
UA,Unitary,total_service_expenditure,Total service expenditure,2018-19,1646.31,56,
UA,Unitary,total_service_expenditure,Total service expenditure,2024-25,1772.65,62,
UA,Unitary,waste_disposal,Waste disposal,2013-14,45.87,56,
UA,Unitary,waste_disposal,Waste disposal,2018-19,44.48,56,
UA,Unitary,waste_disposal,Waste disposal,2024-25,39.61,62,
