rank_net,ons_code,ecode,name,cls,class_label,net_gbp_per_head,gross_gbp_per_head,income_gbp_per_head,income_share_of_gross_pct,population,note
1,E06000043,E1401,Brighton & Hove UA,UA,Unitary authority,22.34,24.21,1.87,7.7,285063.0,
2,E06000010,E2002,Kingston-upon-Hull UA,UA,Unitary authority,22.03,22.47,0.45,2.0,274727.0,
3,E06000033,E1501,Southend-on-Sea UA,UA,Unitary authority,20.0,22.03,2.03,9.2,184503.0,
4,E06000017,E2402,Rutland UA,UA,Unitary authority,17.66,20.47,2.8,13.7,41382.0,
5,E06000035,E2201,Medway Towns UA,UA,Unitary authority,16.09,16.51,0.42,2.6,291691.0,
6,E06000036,E0301,Bracknell Forest UA,UA,Unitary authority,15.76,16.38,0.62,3.8,130502.0,
7,E06000050,E0604,Cheshire West and Chester UA,UA,Unitary authority,15.19,17.23,2.03,11.8,370951.0,
8,E06000058,E1204,"Bournemouth, Christchurch and Poole UA",UA,Unitary authority,15.08,15.63,0.55,3.5,408009.0,
9,E06000044,E1701,Portsmouth UA,UA,Unitary authority,14.93,17.62,2.69,15.2,212936.0,
10,E06000026,E1101,Plymouth UA,UA,Unitary authority,14.8,16.59,1.79,10.8,271904.0,
11,E06000022,E0101,Bath & North East Somerset UA,UA,Unitary authority,14.12,16.08,1.96,12.2,200539.0,
12,E06000023,E0102,Bristol UA,UA,Unitary authority,14.08,15.08,1.0,6.6,494225.0,
13,E06000014,E2701,York UA,UA,Unitary authority,13.45,13.53,0.09,0.6,208237.0,
14,E06000006,E0601,Halton UA,UA,Unitary authority,13.27,13.99,0.72,5.1,131247.0,
15,E06000002,E0702,Middlesbrough UA,UA,Unitary authority,13.18,14.52,1.34,9.2,154700.0,
16,E06000066,E3301,Somerset,UA,Unitary authority,13.16,15.78,2.63,16.6,588173.0,
17,E06000059,E1203,Dorset UA,UA,Unitary authority,12.39,14.85,2.46,16.6,389341.0,
18,E06000045,E1702,Southampton UA,UA,Unitary authority,12.33,14.03,1.69,12.1,260604.0,
19,E06000018,E3001,Nottingham City UA,UA,Unitary authority,12.33,13.37,1.04,7.8,330561.0,
20,E06000054,E3902,Wiltshire UA,UA,Unitary authority,12.29,12.87,0.59,4.6,524001.0,
21,E06000047,E1302,Durham UA,UA,Unitary authority,11.92,13.02,1.11,8.5,536793.0,
22,E06000034,E1502,Thurrock UA,UA,Unitary authority,11.91,13.39,1.48,11.0,181287.0,
23,E06000049,E0603,Cheshire East UA,UA,Unitary authority,11.84,12.79,0.95,7.4,420472.0,
24,E06000005,E1301,Darlington UA,UA,Unitary authority,11.78,12.11,0.33,2.7,112150.0,
25,E06000008,E2301,Blackburn with Darwen UA,UA,Unitary authority,11.68,12.52,0.85,6.8,161618.0,
26,E06000064,E0902,Westmorland and Furness,UA,Unitary authority,11.53,11.96,0.44,3.6,229821.0,
27,E06000001,E0701,Hartlepool UA,UA,Unitary authority,11.17,12.71,1.54,12.1,97868.0,
28,E06000004,E0704,Stockton-on-Tees UA,UA,Unitary authority,11.07,12.31,1.24,10.1,206018.0,
29,E06000027,E1102,Torbay UA,UA,Unitary authority,10.48,10.48,0.0,0.0,139862.0,
30,E06000013,E2004,North Lincolnshire UA,UA,Unitary authority,10.47,11.54,1.08,9.3,171424.0,
31,E06000024,E0104,North Somerset UA,UA,Unitary authority,10.39,11.31,0.92,8.1,224667.0,
32,E06000011,E2001,East Riding of Yorkshire UA,UA,Unitary authority,10.37,11.45,1.08,9.4,355378.0,
33,E06000065,E2702,North Yorkshire,UA,Unitary authority,10.26,10.78,0.52,4.8,633692.0,
34,E06000062,E2802,West Northamptonshire,UA,Unitary authority,10.13,15.1,4.97,32.9,441277.0,
35,E06000046,E2101,Isle of Wight UA,UA,Unitary authority,10.12,12.15,2.04,16.8,141356.0,
36,E06000056,E0203,Central Bedfordshire UA,UA,Unitary authority,9.82,10.13,0.31,3.0,316062.0,
37,E06000030,E3901,Swindon UA,UA,Unitary authority,9.43,10.5,1.07,10.2,243324.0,
38,E06000038,E0303,Reading UA,UA,Unitary authority,9.42,12.27,2.85,23.2,182809.0,
39,E06000040,E0305,Windsor & Maidenhead UA,UA,Unitary authority,8.98,13.69,4.72,34.4,158760.0,
40,E06000055,E0202,Bedford UA,UA,Unitary authority,8.85,11.32,2.47,21.8,194881.0,
41,E06000012,E2003,North East Lincolnshire UA,UA,Unitary authority,8.72,8.72,0.0,0.0,159738.0,
42,E06000060,E0402,Buckinghamshire UA,UA,Unitary authority,8.3,9.23,0.93,10.1,578432.0,
43,E06000037,E0302,West Berkshire UA,UA,Unitary authority,8.29,9.02,0.73,8.1,164918.0,
44,E06000025,E0103,South Gloucestershire UA,UA,Unitary authority,8.29,9.83,1.55,15.7,305766.0,
45,E06000003,E0703,Redcar & Cleveland UA,UA,Unitary authority,8.27,10.1,1.83,18.1,138788.0,
46,E06000057,E2901,Northumberland UA,UA,Unitary authority,8.17,9.31,1.14,12.2,330615.0,
47,E06000031,E0501,Peterborough UA,UA,Unitary authority,8.15,12.03,3.88,32.3,224152.0,
48,E06000051,E3202,Shropshire UA,UA,Unitary authority,7.96,8.83,0.87,9.9,331751.0,
49,E06000019,E1801,Herefordshire UA,UA,Unitary authority,7.49,7.82,0.33,4.3,192067.0,
50,E06000020,E3201,Telford & the Wrekin UA,UA,Unitary authority,7.43,7.52,0.09,1.2,196090.0,
51,E06000007,E0602,Warrington UA,UA,Unitary authority,7.23,8.23,1.0,12.2,214640.0,
52,E06000021,E3401,Stoke-on-Trent UA,UA,Unitary authority,7.12,9.92,2.79,28.2,270010.0,
53,E06000015,E1001,Derby City UA,UA,Unitary authority,6.9,7.07,0.18,2.5,273656.0,
54,E06000041,E0306,Wokingham UA,UA,Unitary authority,6.73,7.17,0.44,6.1,187433.0,
55,E06000016,E2401,Leicester City UA,UA,Unitary authority,6.44,6.98,0.54,7.7,386755.0,
56,E06000042,E0401,Milton Keynes UA,UA,Unitary authority,5.95,6.97,1.02,14.6,305806.0,
57,E06000061,E2801,North Northamptonshire,UA,Unitary authority,5.33,5.72,0.39,6.9,375336.0,
58,E06000039,E0304,Slough UA,UA,Unitary authority,4.84,4.85,0.01,0.2,166739.0,
59,E06000052,E0801,Cornwall UA,UA,Unitary authority,3.75,4.11,0.35,8.6,582205.0,
60,E06000032,E0201,Luton UA,UA,Unitary authority,3.54,3.54,0.0,0.0,238047.0,CAUTION: 2013-14 library line was under 2 pounds/head real (trust/outsourced booking) - booked level may not capture full service cost.
61,E06000009,E2302,Blackpool UA,UA,Unitary authority,-1.42,16.76,18.18,108.5,143353.0,"ARTEFACT: booked income (2,606k) exceeds gross spend (2,402k); net line is negative. Do not rank on net."
