ons_code,name,cls,class_label,value,note
E09000002,Barking & Dagenham,LB,London borough,3.35,
E09000003,Barnet,LB,London borough,13.54,
E09000004,Bexley,LB,London borough,10.91,
E09000005,Brent,LB,London borough,10.14,
E09000006,Bromley,LB,London borough,17.82,
E09000007,Camden,LB,London borough,31.13,
E09000001,City of London,LB,London borough,351.36,Excluded from rankings project-wide (structurally unrepresentative per-head base).
E09000008,Croydon,LB,London borough,8.36,
E09000009,Ealing,LB,London borough,8.87,
E09000010,Enfield,LB,London borough,6.03,"CAUTION: income is ~47% of gross - low net is partly a charging/income artefact, not service size."
E09000011,Greenwich,LB,London borough,17.24,
E09000012,Hackney,LB,London borough,25.65,
E09000013,Hammersmith & Fulham,LB,London borough,16.45,
E09000014,Haringey,LB,London borough,17.39,
E09000015,Harrow,LB,London borough,10.35,
E09000016,Havering,LB,London borough,9.79,
E09000017,Hillingdon,LB,London borough,14.91,
E09000018,Hounslow,LB,London borough,12.38,
E09000019,Islington,LB,London borough,21.79,
E09000020,Kensington & Chelsea,LB,London borough,43.84,
E09000021,Kingston Upon Thames,LB,London borough,14.42,
E09000022,Lambeth,LB,London borough,13.49,
E09000023,Lewisham,LB,London borough,14.19,
E09000024,Merton,LB,London borough,15.9,
E09000025,Newham,LB,London borough,15.81,
E09000026,Redbridge,LB,London borough,10.15,
E09000027,Richmond upon Thames,LB,London borough,23.94,
E09000028,Southwark,LB,London borough,27.94,
E09000029,Sutton,LB,London borough,10.71,
E09000030,Tower Hamlets,LB,London borough,22.3,
E09000031,Waltham Forest,LB,London borough,13.2,
E09000032,Wandsworth,LB,London borough,14.89,
E09000033,Westminster,LB,London borough,36.16,
E08000016,Barnsley,MD,Metropolitan district,15.02,
E08000025,Birmingham,MD,Metropolitan district,14.56,
E08000001,Bolton,MD,Metropolitan district,12.42,
E08000032,Bradford,MD,Metropolitan district,8.47,
E08000002,Bury MBC,MD,Metropolitan district,7.49,
E08000033,Calderdale,MD,Metropolitan district,19.49,
E08000026,Coventry,MD,Metropolitan district,10.3,
E08000017,Doncaster,MD,Metropolitan district,10.95,
E08000027,Dudley,MD,Metropolitan district,11.95,
E08000037,Gateshead,MD,Metropolitan district,9.93,
E08000034,Kirklees,MD,Metropolitan district,12.32,
E08000011,Knowsley,MD,Metropolitan district,10.52,
E08000035,Leeds,MD,Metropolitan district,11.96,
E08000012,Liverpool,MD,Metropolitan district,17.64,
E08000003,Manchester,MD,Metropolitan district,18.72,
E08000021,Newcastle,MD,Metropolitan district,21.34,
E08000022,North Tyneside,MD,Metropolitan district,23.74,
E08000004,Oldham,MD,Metropolitan district,18.72,
E08000005,Rochdale,MD,Metropolitan district,8.91,
E08000018,Rotherham,MD,Metropolitan district,12.9,
E08000006,Salford,MD,Metropolitan district,6.36,
E08000028,Sandwell,MD,Metropolitan district,7.11,
E08000014,Sefton,MD,Metropolitan district,7.41,
E08000019,Sheffield,MD,Metropolitan district,9.33,
E08000029,Solihull,MD,Metropolitan district,15.18,
E08000023,South Tyneside,MD,Metropolitan district,17.89,
E08000013,St Helens MBC,MD,Metropolitan district,10.97,
E08000007,Stockport MBC,MD,Metropolitan district,13.79,
E08000024,Sunderland,MD,Metropolitan district,4.24,CAUTION: culture delivered via trust; the library line may understate the library share of the trust grant.
E08000008,Tameside,MD,Metropolitan district,9.11,
E08000009,Trafford,MD,Metropolitan district,10.86,CAUTION: income >= 40% of gross - net reflects charging/recharges as much as service size.
E08000036,Wakefield,MD,Metropolitan district,13.93,
E08000030,Walsall,MD,Metropolitan district,12.06,
E08000010,Wigan MBC,MD,Metropolitan district,8.34,CAUTION: 2013-14 library line was under 2 pounds/head real (trust/outsourced booking) - booked level may not capture full service cost.
E08000015,Wirral,MD,Metropolitan district,14.08,
E08000031,Wolverhampton,MD,Metropolitan district,11.41,
E10000003,Cambridgeshire CC,SC,Shire county,8.61,
E10000007,Derbyshire CC,SC,Shire county,8.95,
E10000008,Devon CC,SC,Shire county,8.01,
E10000011,East Sussex CC,SC,Shire county,9.36,
E10000012,Essex CC,SC,Shire county,15.21,
E10000013,Gloucestershire CC,SC,Shire county,12.23,
E10000014,Hampshire CC,SC,Shire county,8.56,
E10000015,Hertfordshire CC,SC,Shire county,14.55,
E10000016,Kent CC,SC,Shire county,12.04,
E10000017,Lancashire CC,SC,Shire county,12.71,
E10000018,Leicestershire CC,SC,Shire county,6.37,
E10000019,Lincolnshire CC,SC,Shire county,7.99,
E10000020,Norfolk CC,SC,Shire county,10.34,
E10000024,Nottinghamshire CC,SC,Shire county,15.64,
E10000025,Oxfordshire CC,SC,Shire county,13.18,
E10000028,Staffordshire CC,SC,Shire county,7.73,
E10000029,Suffolk CC,SC,Shire county,10.34,
E10000030,Surrey CC,SC,Shire county,8.73,
E10000031,Warwickshire CC,SC,Shire county,11.18,
E10000032,West Sussex CC,SC,Shire county,10.53,
E10000034,Worcestershire CC,SC,Shire county,13.33,
E06000022,Bath & North East Somerset UA,UA,Unitary authority,14.12,
E06000055,Bedford UA,UA,Unitary authority,8.85,
E06000008,Blackburn with Darwen UA,UA,Unitary authority,11.68,
E06000009,Blackpool UA,UA,Unitary authority,-1.42,"ARTEFACT: booked income (2,606k) exceeds gross spend (2,402k); net line is negative. Do not rank on net."
E06000058,"Bournemouth, Christchurch and Poole UA",UA,Unitary authority,15.08,
E06000036,Bracknell Forest UA,UA,Unitary authority,15.76,
E06000043,Brighton & Hove UA,UA,Unitary authority,22.34,
E06000023,Bristol UA,UA,Unitary authority,14.08,
E06000060,Buckinghamshire UA,UA,Unitary authority,8.3,
E06000056,Central Bedfordshire UA,UA,Unitary authority,9.82,
E06000049,Cheshire East UA,UA,Unitary authority,11.84,
E06000050,Cheshire West and Chester UA,UA,Unitary authority,15.19,
E06000052,Cornwall UA,UA,Unitary authority,3.75,
E06000005,Darlington UA,UA,Unitary authority,11.78,
E06000015,Derby City UA,UA,Unitary authority,6.9,
E06000059,Dorset UA,UA,Unitary authority,12.39,
E06000047,Durham UA,UA,Unitary authority,11.92,
E06000011,East Riding of Yorkshire UA,UA,Unitary authority,10.37,
E06000006,Halton UA,UA,Unitary authority,13.27,
E06000001,Hartlepool UA,UA,Unitary authority,11.17,
E06000019,Herefordshire UA,UA,Unitary authority,7.49,
E06000046,Isle of Wight UA,UA,Unitary authority,10.12,
E06000053,Isles of Scilly,UA,Unitary authority,27.28,Excluded from rankings project-wide (structurally unrepresentative per-head base).
E06000010,Kingston-upon-Hull UA,UA,Unitary authority,22.03,
E06000016,Leicester City UA,UA,Unitary authority,6.44,
E06000032,Luton UA,UA,Unitary authority,3.54,CAUTION: 2013-14 library line was under 2 pounds/head real (trust/outsourced booking) - booked level may not capture full service cost.
E06000035,Medway Towns UA,UA,Unitary authority,16.09,
E06000002,Middlesbrough UA,UA,Unitary authority,13.18,
E06000042,Milton Keynes UA,UA,Unitary authority,5.95,
E06000012,North East Lincolnshire UA,UA,Unitary authority,8.72,
E06000013,North Lincolnshire UA,UA,Unitary authority,10.47,
E06000061,North Northamptonshire,UA,Unitary authority,5.33,
E06000024,North Somerset UA,UA,Unitary authority,10.39,
E06000065,North Yorkshire,UA,Unitary authority,10.26,
E06000057,Northumberland UA,UA,Unitary authority,8.17,
E06000018,Nottingham City UA,UA,Unitary authority,12.33,
E06000031,Peterborough UA,UA,Unitary authority,8.15,
E06000026,Plymouth UA,UA,Unitary authority,14.8,
E06000044,Portsmouth UA,UA,Unitary authority,14.93,
E06000038,Reading UA,UA,Unitary authority,9.42,
E06000003,Redcar & Cleveland UA,UA,Unitary authority,8.27,
E06000017,Rutland UA,UA,Unitary authority,17.66,
E06000051,Shropshire UA,UA,Unitary authority,7.96,
E06000039,Slough UA,UA,Unitary authority,4.84,
E06000066,Somerset,UA,Unitary authority,13.16,
E06000025,South Gloucestershire UA,UA,Unitary authority,8.29,
E06000045,Southampton UA,UA,Unitary authority,12.33,
E06000033,Southend-on-Sea UA,UA,Unitary authority,20.0,
E06000004,Stockton-on-Tees UA,UA,Unitary authority,11.07,
E06000021,Stoke-on-Trent UA,UA,Unitary authority,7.12,
E06000030,Swindon UA,UA,Unitary authority,9.43,
E06000020,Telford & the Wrekin UA,UA,Unitary authority,7.43,
E06000034,Thurrock UA,UA,Unitary authority,11.91,
E06000027,Torbay UA,UA,Unitary authority,10.48,
E06000007,Warrington UA,UA,Unitary authority,7.23,
E06000037,West Berkshire UA,UA,Unitary authority,8.29,
E06000062,West Northamptonshire,UA,Unitary authority,10.13,
E06000064,Westmorland and Furness,UA,Unitary authority,11.53,
E06000054,Wiltshire UA,UA,Unitary authority,12.29,
E06000040,Windsor & Maidenhead UA,UA,Unitary authority,8.98,
E06000041,Wokingham UA,UA,Unitary authority,6.73,
E06000014,York UA,UA,Unitary authority,13.45,
